vx_kms,vz_kms,f_s2_m5,total_eV,conv_eV,hall_eV
-200.0,-200.0,0.0,NaN,NaN,NaN
-190.0,-200.0,0.0,NaN,NaN,NaN
-180.0,-200.0,0.0,NaN,NaN,NaN
-170.0,-200.0,0.0,NaN,NaN,NaN
-160.0,-200.0,0.0,NaN,NaN,NaN
-150.0,-200.0,0.0,NaN,NaN,NaN
-140.0,-200.0,0.0,NaN,NaN,NaN
-130.0,-200.0,0.0,NaN,NaN,NaN
-120.0,-200.0,0.0,NaN,NaN,NaN
-110.0,-200.0,0.0,NaN,NaN,NaN
-100.0,-200.0,0.0,NaN,NaN,NaN
-90.0,-200.0,0.0,NaN,NaN,NaN
-80.0,-200.0,0.0,NaN,NaN,NaN
-70.0,-200.0,0.0,NaN,NaN,NaN
-60.0,-200.0,0.0,NaN,NaN,NaN
-50.0,-200.0,0.0,NaN,NaN,NaN
-40.0,-200.0,0.0,NaN,NaN,NaN
-30.0,-200.0,0.0,NaN,NaN,NaN
-20.0,-200.0,0.0,NaN,NaN,NaN
-10.0,-200.0,0.0,NaN,NaN,NaN
0.0,-200.0,0.0,NaN,NaN,NaN
10.0,-200.0,0.0,NaN,NaN,NaN
20.0,-200.0,0.0,NaN,NaN,NaN
30.0,-200.0,0.0,NaN,NaN,NaN
40.0,-200.0,0.0,NaN,NaN,NaN
50.0,-200.0,0.0,NaN,NaN,NaN
60.0,-200.0,0.0,NaN,NaN,NaN
70.0,-200.0,0.0,NaN,NaN,NaN
80.0,-200.0,0.0,NaN,NaN,NaN
90.0,-200.0,0.0,NaN,NaN,NaN
100.0,-200.0,0.0,NaN,NaN,NaN
110.0,-200.0,0.0,NaN,NaN,NaN
120.0,-200.0,0.0,NaN,NaN,NaN
130.0,-200.0,0.0,NaN,NaN,NaN
140.0,-200.0,0.0,NaN,NaN,NaN
150.0,-200.0,0.0,NaN,NaN,NaN
160.0,-200.0,0.0,NaN,NaN,NaN
170.0,-200.0,0.0,NaN,NaN,NaN
180.0,-200.0,0.0,NaN,NaN,NaN
190.0,-200.0,0.0,NaN,NaN,NaN
200.0,-200.0,0.0,NaN,NaN,NaN
-200.0,-190.0,0.0,NaN,NaN,NaN
-190.0,-190.0,0.0,NaN,NaN,NaN
-180.0,-190.0,0.0,NaN,NaN,NaN
-170.0,-190.0,0.0,NaN,NaN,NaN
-160.0,-190.0,0.0,NaN,NaN,NaN
-150.0,-190.0,0.0,NaN,NaN,NaN
-140.0,-190.0,0.0,NaN,NaN,NaN
-130.0,-190.0,0.0,NaN,NaN,NaN
-120.0,-190.0,0.0,NaN,NaN,NaN
-110.0,-190.0,0.0,NaN,NaN,NaN
-100.0,-190.0,0.0,NaN,NaN,NaN
-90.0,-190.0,0.0,NaN,NaN,NaN
-80.0,-190.0,0.0,NaN,NaN,NaN
-70.0,-190.0,0.0,NaN,NaN,NaN
-60.0,-190.0,0.0,NaN,NaN,NaN
-50.0,-190.0,0.0,NaN,NaN,NaN
-40.0,-190.0,0.0,NaN,NaN,NaN
-30.0,-190.0,0.0,NaN,NaN,NaN
-20.0,-190.0,0.0,NaN,NaN,NaN
-10.0,-190.0,0.0,NaN,NaN,NaN
0.0,-190.0,0.0,NaN,NaN,NaN
10.0,-190.0,0.0,NaN,NaN,NaN
20.0,-190.0,0.0,NaN,NaN,NaN
30.0,-190.0,0.0,NaN,NaN,NaN
40.0,-190.0,0.0,NaN,NaN,NaN
50.0,-190.0,0.0,NaN,NaN,NaN
60.0,-190.0,0.0,NaN,NaN,NaN
70.0,-190.0,0.0,NaN,NaN,NaN
80.0,-190.0,0.0,NaN,NaN,NaN
90.0,-190.0,0.0,NaN,NaN,NaN
100.0,-190.0,0.0,NaN,NaN,NaN
110.0,-190.0,0.0,NaN,NaN,NaN
120.0,-190.0,0.0,NaN,NaN,NaN
130.0,-190.0,0.0,NaN,NaN,NaN
140.0,-190.0,0.0,NaN,NaN,NaN
150.0,-190.0,0.0,NaN,NaN,NaN
160.0,-190.0,0.0,NaN,NaN,NaN
170.0,-190.0,0.0,NaN,NaN,NaN
180.0,-190.0,0.0,NaN,NaN,NaN
190.0,-190.0,0.0,NaN,NaN,NaN
200.0,-190.0,0.0,NaN,NaN,NaN
-200.0,-180.0,0.0,NaN,NaN,NaN
-190.0,-180.0,0.0,NaN,NaN,NaN
-180.0,-180.0,0.0,NaN,NaN,NaN
-170.0,-180.0,0.0,NaN,NaN,NaN
-160.0,-180.0,0.0,NaN,NaN,NaN
-150.0,-180.0,0.0,NaN,NaN,NaN
-140.0,-180.0,0.0,NaN,NaN,NaN
-130.0,-180.0,0.0,NaN,NaN,NaN
-120.0,-180.0,0.0,NaN,NaN,NaN
-110.0,-180.0,0.0,NaN,NaN,NaN
-100.0,-180.0,0.0,NaN,NaN,NaN
-90.0,-180.0,0.0,NaN,NaN,NaN
-80.0,-180.0,0.0,NaN,NaN,NaN
-70.0,-180.0,0.0,NaN,NaN,NaN
-60.0,-180.0,0.0,NaN,NaN,NaN
-50.0,-180.0,0.0,NaN,NaN,NaN
-40.0,-180.0,0.0,NaN,NaN,NaN
-30.0,-180.0,0.0,NaN,NaN,NaN
-20.0,-180.0,0.0,NaN,NaN,NaN
-10.0,-180.0,0.0,NaN,NaN,NaN
0.0,-180.0,0.0,NaN,NaN,NaN
10.0,-180.0,0.0,NaN,NaN,NaN
20.0,-180.0,0.0,NaN,NaN,NaN
30.0,-180.0,0.0,NaN,NaN,NaN
40.0,-180.0,0.0,NaN,NaN,NaN
50.0,-180.0,0.0,NaN,NaN,NaN
60.0,-180.0,0.0,NaN,NaN,NaN
70.0,-180.0,0.0,NaN,NaN,NaN
80.0,-180.0,0.0,NaN,NaN,NaN
90.0,-180.0,0.0,NaN,NaN,NaN
100.0,-180.0,0.0,NaN,NaN,NaN
110.0,-180.0,0.0,NaN,NaN,NaN
120.0,-180.0,0.0,NaN,NaN,NaN
130.0,-180.0,0.0,NaN,NaN,NaN
140.0,-180.0,0.0,NaN,NaN,NaN
150.0,-180.0,0.0,NaN,NaN,NaN
160.0,-180.0,0.0,NaN,NaN,NaN
170.0,-180.0,0.0,NaN,NaN,NaN
180.0,-180.0,0.0,NaN,NaN,NaN
190.0,-180.0,0.0,NaN,NaN,NaN
200.0,-180.0,0.0,NaN,NaN,NaN
-200.0,-170.0,0.0,NaN,NaN,NaN
-190.0,-170.0,0.0,NaN,NaN,NaN
-180.0,-170.0,0.0,NaN,NaN,NaN
-170.0,-170.0,0.0,NaN,NaN,NaN
-160.0,-170.0,0.0,NaN,NaN,NaN
-150.0,-170.0,0.0,NaN,NaN,NaN
-140.0,-170.0,0.0,NaN,NaN,NaN
-130.0,-170.0,0.0,NaN,NaN,NaN
-120.0,-170.0,0.0,NaN,NaN,NaN
-110.0,-170.0,0.0,NaN,NaN,NaN
-100.0,-170.0,0.0,NaN,NaN,NaN
-90.0,-170.0,0.0,NaN,NaN,NaN
-80.0,-170.0,0.0,NaN,NaN,NaN
-70.0,-170.0,0.0,NaN,NaN,NaN
-60.0,-170.0,0.0,NaN,NaN,NaN
-50.0,-170.0,0.0,NaN,NaN,NaN
-40.0,-170.0,0.0,NaN,NaN,NaN
-30.0,-170.0,0.0,NaN,NaN,NaN
-20.0,-170.0,0.0,NaN,NaN,NaN
-10.0,-170.0,0.0,NaN,NaN,NaN
0.0,-170.0,0.0,NaN,NaN,NaN
10.0,-170.0,0.0,NaN,NaN,NaN
20.0,-170.0,0.0,NaN,NaN,NaN
30.0,-170.0,0.0,NaN,NaN,NaN
40.0,-170.0,0.0,NaN,NaN,NaN
50.0,-170.0,0.0,NaN,NaN,NaN
60.0,-170.0,0.0,NaN,NaN,NaN
70.0,-170.0,0.0,NaN,NaN,NaN
80.0,-170.0,0.0,NaN,NaN,NaN
90.0,-170.0,0.0,NaN,NaN,NaN
100.0,-170.0,0.0,NaN,NaN,NaN
110.0,-170.0,0.0,NaN,NaN,NaN
120.0,-170.0,0.0,NaN,NaN,NaN
130.0,-170.0,0.0,NaN,NaN,NaN
140.0,-170.0,0.0,NaN,NaN,NaN
150.0,-170.0,0.0,NaN,NaN,NaN
160.0,-170.0,0.0,NaN,NaN,NaN
170.0,-170.0,0.0,NaN,NaN,NaN
180.0,-170.0,0.0,NaN,NaN,NaN
190.0,-170.0,0.0,NaN,NaN,NaN
200.0,-170.0,0.0,NaN,NaN,NaN
-200.0,-160.0,0.0,NaN,NaN,NaN
-190.0,-160.0,0.0,NaN,NaN,NaN
-180.0,-160.0,0.0,NaN,NaN,NaN
-170.0,-160.0,0.0,NaN,NaN,NaN
-160.0,-160.0,0.0,NaN,NaN,NaN
-150.0,-160.0,0.0,NaN,NaN,NaN
-140.0,-160.0,0.0,NaN,NaN,NaN
-130.0,-160.0,0.0,NaN,NaN,NaN
-120.0,-160.0,0.0,NaN,NaN,NaN
-110.0,-160.0,0.0,NaN,NaN,NaN
-100.0,-160.0,0.0,NaN,NaN,NaN
-90.0,-160.0,0.0,NaN,NaN,NaN
-80.0,-160.0,0.0,NaN,NaN,NaN
-70.0,-160.0,0.0,NaN,NaN,NaN
-60.0,-160.0,0.0,NaN,NaN,NaN
-50.0,-160.0,0.0,NaN,NaN,NaN
-40.0,-160.0,0.0,NaN,NaN,NaN
-30.0,-160.0,0.0,NaN,NaN,NaN
-20.0,-160.0,0.0,NaN,NaN,NaN
-10.0,-160.0,0.0,NaN,NaN,NaN
0.0,-160.0,0.0,NaN,NaN,NaN
10.0,-160.0,0.0,NaN,NaN,NaN
20.0,-160.0,0.0,NaN,NaN,NaN
30.0,-160.0,0.0,NaN,NaN,NaN
40.0,-160.0,0.0,NaN,NaN,NaN
50.0,-160.0,0.0,NaN,NaN,NaN
60.0,-160.0,0.0,NaN,NaN,NaN
70.0,-160.0,0.0,NaN,NaN,NaN
80.0,-160.0,0.0,NaN,NaN,NaN
90.0,-160.0,0.0,NaN,NaN,NaN
100.0,-160.0,0.0,NaN,NaN,NaN
110.0,-160.0,0.0,NaN,NaN,NaN
120.0,-160.0,0.0,NaN,NaN,NaN
130.0,-160.0,0.0,NaN,NaN,NaN
140.0,-160.0,0.0,NaN,NaN,NaN
150.0,-160.0,0.0,NaN,NaN,NaN
160.0,-160.0,0.0,NaN,NaN,NaN
170.0,-160.0,0.0,NaN,NaN,NaN
180.0,-160.0,0.0,NaN,NaN,NaN
190.0,-160.0,0.0,NaN,NaN,NaN
200.0,-160.0,0.0,NaN,NaN,NaN
-200.0,-150.0,0.0,NaN,NaN,NaN
-190.0,-150.0,0.0,NaN,NaN,NaN
-180.0,-150.0,0.0,NaN,NaN,NaN
-170.0,-150.0,0.0,NaN,NaN,NaN
-160.0,-150.0,0.0,NaN,NaN,NaN
-150.0,-150.0,0.0,NaN,NaN,NaN
-140.0,-150.0,0.0,NaN,NaN,NaN
-130.0,-150.0,0.0,NaN,NaN,NaN
-120.0,-150.0,0.0,NaN,NaN,NaN
-110.0,-150.0,0.0,NaN,NaN,NaN
-100.0,-150.0,0.0,NaN,NaN,NaN
-90.0,-150.0,0.0,NaN,NaN,NaN
-80.0,-150.0,0.0,NaN,NaN,NaN
-70.0,-150.0,0.0,NaN,NaN,NaN
-60.0,-150.0,0.0,NaN,NaN,NaN
-50.0,-150.0,0.0,NaN,NaN,NaN
-40.0,-150.0,0.0,NaN,NaN,NaN
-30.0,-150.0,0.0,NaN,NaN,NaN
-20.0,-150.0,0.0,NaN,NaN,NaN
-10.0,-150.0,0.0,NaN,NaN,NaN
0.0,-150.0,0.0,NaN,NaN,NaN
10.0,-150.0,0.0,NaN,NaN,NaN
20.0,-150.0,0.0,NaN,NaN,NaN
30.0,-150.0,0.0,NaN,NaN,NaN
40.0,-150.0,0.0,NaN,NaN,NaN
50.0,-150.0,0.0,NaN,NaN,NaN
60.0,-150.0,0.0,NaN,NaN,NaN
70.0,-150.0,0.0,NaN,NaN,NaN
80.0,-150.0,0.0,NaN,NaN,NaN
90.0,-150.0,0.0,NaN,NaN,NaN
100.0,-150.0,0.0,NaN,NaN,NaN
110.0,-150.0,0.0,NaN,NaN,NaN
120.0,-150.0,0.0,NaN,NaN,NaN
130.0,-150.0,0.0,NaN,NaN,NaN
140.0,-150.0,0.0,NaN,NaN,NaN
150.0,-150.0,0.0,NaN,NaN,NaN
160.0,-150.0,0.0,NaN,NaN,NaN
170.0,-150.0,0.0,NaN,NaN,NaN
180.0,-150.0,0.0,NaN,NaN,NaN
190.0,-150.0,0.0,NaN,NaN,NaN
200.0,-150.0,0.0,NaN,NaN,NaN
-200.0,-140.0,0.0,NaN,NaN,NaN
-190.0,-140.0,0.0,NaN,NaN,NaN
-180.0,-140.0,0.0,NaN,NaN,NaN
-170.0,-140.0,0.0,NaN,NaN,NaN
-160.0,-140.0,0.0,NaN,NaN,NaN
-150.0,-140.0,0.0,NaN,NaN,NaN
-140.0,-140.0,0.0,NaN,NaN,NaN
-130.0,-140.0,0.0,NaN,NaN,NaN
-120.0,-140.0,0.0,NaN,NaN,NaN
-110.0,-140.0,0.0,NaN,NaN,NaN
-100.0,-140.0,0.0,NaN,NaN,NaN
-90.0,-140.0,0.0,NaN,NaN,NaN
-80.0,-140.0,0.0,NaN,NaN,NaN
-70.0,-140.0,0.0,NaN,NaN,NaN
-60.0,-140.0,0.0,NaN,NaN,NaN
-50.0,-140.0,0.0,NaN,NaN,NaN
-40.0,-140.0,0.0,NaN,NaN,NaN
-30.0,-140.0,0.0,NaN,NaN,NaN
-20.0,-140.0,0.0,NaN,NaN,NaN
-10.0,-140.0,0.0,NaN,NaN,NaN
0.0,-140.0,0.0,NaN,NaN,NaN
10.0,-140.0,0.0,NaN,NaN,NaN
20.0,-140.0,0.0,NaN,NaN,NaN
30.0,-140.0,0.0,NaN,NaN,NaN
40.0,-140.0,0.0,NaN,NaN,NaN
50.0,-140.0,0.0,NaN,NaN,NaN
60.0,-140.0,0.0,NaN,NaN,NaN
70.0,-140.0,0.0,NaN,NaN,NaN
80.0,-140.0,0.0,NaN,NaN,NaN
90.0,-140.0,0.0,NaN,NaN,NaN
100.0,-140.0,0.0,NaN,NaN,NaN
110.0,-140.0,0.0,NaN,NaN,NaN
120.0,-140.0,0.0,NaN,NaN,NaN
130.0,-140.0,0.0,NaN,NaN,NaN
140.0,-140.0,0.0,NaN,NaN,NaN
150.0,-140.0,0.0,NaN,NaN,NaN
160.0,-140.0,0.0,NaN,NaN,NaN
170.0,-140.0,0.0,NaN,NaN,NaN
180.0,-140.0,0.0,NaN,NaN,NaN
190.0,-140.0,0.0,NaN,NaN,NaN
200.0,-140.0,0.0,NaN,NaN,NaN
-200.0,-130.0,0.0,NaN,NaN,NaN
-190.0,-130.0,0.0,NaN,NaN,NaN
-180.0,-130.0,0.0,NaN,NaN,NaN
-170.0,-130.0,0.0,NaN,NaN,NaN
-160.0,-130.0,0.0,NaN,NaN,NaN
-150.0,-130.0,0.0,NaN,NaN,NaN
-140.0,-130.0,0.0,NaN,NaN,NaN
-130.0,-130.0,0.0,NaN,NaN,NaN
-120.0,-130.0,0.0,NaN,NaN,NaN
-110.0,-130.0,0.0,NaN,NaN,NaN
-100.0,-130.0,0.0,NaN,NaN,NaN
-90.0,-130.0,0.0,NaN,NaN,NaN
-80.0,-130.0,0.0,NaN,NaN,NaN
-70.0,-130.0,0.0,NaN,NaN,NaN
-60.0,-130.0,0.0,NaN,NaN,NaN
-50.0,-130.0,0.0,NaN,NaN,NaN
-40.0,-130.0,0.0,NaN,NaN,NaN
-30.0,-130.0,0.0,NaN,NaN,NaN
-20.0,-130.0,0.0,NaN,NaN,NaN
-10.0,-130.0,0.0,NaN,NaN,NaN
0.0,-130.0,0.0,NaN,NaN,NaN
10.0,-130.0,0.0,NaN,NaN,NaN
20.0,-130.0,0.0,NaN,NaN,NaN
30.0,-130.0,0.0,NaN,NaN,NaN
40.0,-130.0,0.0,NaN,NaN,NaN
50.0,-130.0,0.0,NaN,NaN,NaN
60.0,-130.0,0.0,NaN,NaN,NaN
70.0,-130.0,0.0,NaN,NaN,NaN
80.0,-130.0,0.0,NaN,NaN,NaN
90.0,-130.0,0.0,NaN,NaN,NaN
100.0,-130.0,0.0,NaN,NaN,NaN
110.0,-130.0,0.0,NaN,NaN,NaN
120.0,-130.0,0.0,NaN,NaN,NaN
130.0,-130.0,0.0,NaN,NaN,NaN
140.0,-130.0,0.0,NaN,NaN,NaN
150.0,-130.0,0.0,NaN,NaN,NaN
160.0,-130.0,0.0,NaN,NaN,NaN
170.0,-130.0,0.0,NaN,NaN,NaN
180.0,-130.0,0.0,NaN,NaN,NaN
190.0,-130.0,0.0,NaN,NaN,NaN
200.0,-130.0,0.0,NaN,NaN,NaN
-200.0,-120.0,0.0,NaN,NaN,NaN
-190.0,-120.0,0.0,NaN,NaN,NaN
-180.0,-120.0,0.0,NaN,NaN,NaN
-170.0,-120.0,0.0,NaN,NaN,NaN
-160.0,-120.0,0.0,NaN,NaN,NaN
-150.0,-120.0,0.0,NaN,NaN,NaN
-140.0,-120.0,0.0,NaN,NaN,NaN
-130.0,-120.0,0.0,NaN,NaN,NaN
-120.0,-120.0,0.0,NaN,NaN,NaN
-110.0,-120.0,0.0,NaN,NaN,NaN
-100.0,-120.0,0.0,NaN,NaN,NaN
-90.0,-120.0,0.0,NaN,NaN,NaN
-80.0,-120.0,0.0,NaN,NaN,NaN
-70.0,-120.0,0.0,NaN,NaN,NaN
-60.0,-120.0,0.0,NaN,NaN,NaN
-50.0,-120.0,0.0,NaN,NaN,NaN
-40.0,-120.0,0.0,NaN,NaN,NaN
-30.0,-120.0,0.0,NaN,NaN,NaN
-20.0,-120.0,0.0,NaN,NaN,NaN
-10.0,-120.0,0.0,NaN,NaN,NaN
0.0,-120.0,0.0,NaN,NaN,NaN
10.0,-120.0,0.0,NaN,NaN,NaN
20.0,-120.0,0.0,NaN,NaN,NaN
30.0,-120.0,0.0,NaN,NaN,NaN
40.0,-120.0,0.0,NaN,NaN,NaN
50.0,-120.0,0.0,NaN,NaN,NaN
60.0,-120.0,0.0,NaN,NaN,NaN
70.0,-120.0,0.0,NaN,NaN,NaN
80.0,-120.0,0.0,NaN,NaN,NaN
90.0,-120.0,0.0,NaN,NaN,NaN
100.0,-120.0,0.0,NaN,NaN,NaN
110.0,-120.0,0.0,NaN,NaN,NaN
120.0,-120.0,0.0,NaN,NaN,NaN
130.0,-120.0,0.0,NaN,NaN,NaN
140.0,-120.0,0.0,NaN,NaN,NaN
150.0,-120.0,0.0,NaN,NaN,NaN
160.0,-120.0,0.0,NaN,NaN,NaN
170.0,-120.0,0.0,NaN,NaN,NaN
180.0,-120.0,0.0,NaN,NaN,NaN
190.0,-120.0,0.0,NaN,NaN,NaN
200.0,-120.0,0.0,NaN,NaN,NaN
-200.0,-110.0,0.0,NaN,NaN,NaN
-190.0,-110.0,0.0,NaN,NaN,NaN
-180.0,-110.0,0.0,NaN,NaN,NaN
-170.0,-110.0,0.0,NaN,NaN,NaN
-160.0,-110.0,0.0,NaN,NaN,NaN
-150.0,-110.0,0.0,NaN,NaN,NaN
-140.0,-110.0,0.0,NaN,NaN,NaN
-130.0,-110.0,0.0,NaN,NaN,NaN
-120.0,-110.0,0.0,NaN,NaN,NaN
-110.0,-110.0,0.0,NaN,NaN,NaN
-100.0,-110.0,0.0,NaN,NaN,NaN
-90.0,-110.0,0.0,NaN,NaN,NaN
-80.0,-110.0,0.0,NaN,NaN,NaN
-70.0,-110.0,0.0,NaN,NaN,NaN
-60.0,-110.0,0.0,NaN,NaN,NaN
-50.0,-110.0,0.0,NaN,NaN,NaN
-40.0,-110.0,0.0,NaN,NaN,NaN
-30.0,-110.0,0.0,NaN,NaN,NaN
-20.0,-110.0,0.0,NaN,NaN,NaN
-10.0,-110.0,0.0,NaN,NaN,NaN
0.0,-110.0,0.0,NaN,NaN,NaN
10.0,-110.0,0.0,NaN,NaN,NaN
20.0,-110.0,0.0,NaN,NaN,NaN
30.0,-110.0,0.0,NaN,NaN,NaN
40.0,-110.0,0.0,NaN,NaN,NaN
50.0,-110.0,0.0,NaN,NaN,NaN
60.0,-110.0,0.0,NaN,NaN,NaN
70.0,-110.0,0.0,NaN,NaN,NaN
80.0,-110.0,0.0,NaN,NaN,NaN
90.0,-110.0,0.0,NaN,NaN,NaN
100.0,-110.0,0.0,NaN,NaN,NaN
110.0,-110.0,0.0,NaN,NaN,NaN
120.0,-110.0,0.0,NaN,NaN,NaN
130.0,-110.0,0.0,NaN,NaN,NaN
140.0,-110.0,0.0,NaN,NaN,NaN
150.0,-110.0,0.0,NaN,NaN,NaN
160.0,-110.0,0.0,NaN,NaN,NaN
170.0,-110.0,0.0,NaN,NaN,NaN
180.0,-110.0,0.0,NaN,NaN,NaN
190.0,-110.0,0.0,NaN,NaN,NaN
200.0,-110.0,0.0,NaN,NaN,NaN
-200.0,-100.0,0.0,NaN,NaN,NaN
-190.0,-100.0,0.0,NaN,NaN,NaN
-180.0,-100.0,0.0,NaN,NaN,NaN
-170.0,-100.0,0.0,NaN,NaN,NaN
-160.0,-100.0,0.0,NaN,NaN,NaN
-150.0,-100.0,0.0,NaN,NaN,NaN
-140.0,-100.0,0.0,NaN,NaN,NaN
-130.0,-100.0,0.0,NaN,NaN,NaN
-120.0,-100.0,0.0,NaN,NaN,NaN
-110.0,-100.0,0.0,NaN,NaN,NaN
-100.0,-100.0,0.0,NaN,NaN,NaN
-90.0,-100.0,0.0,NaN,NaN,NaN
-80.0,-100.0,0.0,NaN,NaN,NaN
-70.0,-100.0,0.0,NaN,NaN,NaN
-60.0,-100.0,0.0,NaN,NaN,NaN
-50.0,-100.0,0.0,NaN,NaN,NaN
-40.0,-100.0,0.0,NaN,NaN,NaN
-30.0,-100.0,0.0,NaN,NaN,NaN
-20.0,-100.0,0.0,NaN,NaN,NaN
-10.0,-100.0,0.0,NaN,NaN,NaN
0.0,-100.0,0.0,NaN,NaN,NaN
10.0,-100.0,0.0,NaN,NaN,NaN
20.0,-100.0,0.0,NaN,NaN,NaN
30.0,-100.0,0.0,NaN,NaN,NaN
40.0,-100.0,0.0,NaN,NaN,NaN
50.0,-100.0,0.0,NaN,NaN,NaN
60.0,-100.0,0.0,NaN,NaN,NaN
70.0,-100.0,0.0,NaN,NaN,NaN
80.0,-100.0,0.0,NaN,NaN,NaN
90.0,-100.0,0.0,NaN,NaN,NaN
100.0,-100.0,0.0,NaN,NaN,NaN
110.0,-100.0,0.0,NaN,NaN,NaN
120.0,-100.0,0.0,NaN,NaN,NaN
130.0,-100.0,0.0,NaN,NaN,NaN
140.0,-100.0,0.0,NaN,NaN,NaN
150.0,-100.0,0.0,NaN,NaN,NaN
160.0,-100.0,0.0,NaN,NaN,NaN
170.0,-100.0,0.0,NaN,NaN,NaN
180.0,-100.0,0.0,NaN,NaN,NaN
190.0,-100.0,0.0,NaN,NaN,NaN
200.0,-100.0,0.0,NaN,NaN,NaN
-200.0,-90.0,0.0,NaN,NaN,NaN
-190.0,-90.0,0.0,NaN,NaN,NaN
-180.0,-90.0,0.0,NaN,NaN,NaN
-170.0,-90.0,0.0,NaN,NaN,NaN
-160.0,-90.0,0.0,NaN,NaN,NaN
-150.0,-90.0,0.0,NaN,NaN,NaN
-140.0,-90.0,0.0,NaN,NaN,NaN
-130.0,-90.0,0.0,NaN,NaN,NaN
-120.0,-90.0,0.0,NaN,NaN,NaN
-110.0,-90.0,0.0,NaN,NaN,NaN
-100.0,-90.0,0.0,NaN,NaN,NaN
-90.0,-90.0,0.0,NaN,NaN,NaN
-80.0,-90.0,0.0,NaN,NaN,NaN
-70.0,-90.0,0.0,NaN,NaN,NaN
-60.0,-90.0,0.0,NaN,NaN,NaN
-50.0,-90.0,0.0,NaN,NaN,NaN
-40.0,-90.0,0.0,NaN,NaN,NaN
-30.0,-90.0,0.0,NaN,NaN,NaN
-20.0,-90.0,0.0,NaN,NaN,NaN
-10.0,-90.0,0.0,NaN,NaN,NaN
0.0,-90.0,0.0,NaN,NaN,NaN
10.0,-90.0,0.0,NaN,NaN,NaN
20.0,-90.0,0.0,NaN,NaN,NaN
30.0,-90.0,0.0,NaN,NaN,NaN
40.0,-90.0,0.0,NaN,NaN,NaN
50.0,-90.0,0.0,NaN,NaN,NaN
60.0,-90.0,0.0,NaN,NaN,NaN
70.0,-90.0,0.0,NaN,NaN,NaN
80.0,-90.0,0.0,NaN,NaN,NaN
90.0,-90.0,0.0,NaN,NaN,NaN
100.0,-90.0,0.0,NaN,NaN,NaN
110.0,-90.0,0.0,NaN,NaN,NaN
120.0,-90.0,0.0,NaN,NaN,NaN
130.0,-90.0,0.0,NaN,NaN,NaN
140.0,-90.0,0.0,NaN,NaN,NaN
150.0,-90.0,0.0,NaN,NaN,NaN
160.0,-90.0,0.0,NaN,NaN,NaN
170.0,-90.0,0.0,NaN,NaN,NaN
180.0,-90.0,0.0,NaN,NaN,NaN
190.0,-90.0,0.0,NaN,NaN,NaN
200.0,-90.0,0.0,NaN,NaN,NaN
-200.0,-80.0,0.0,NaN,NaN,NaN
-190.0,-80.0,0.0,NaN,NaN,NaN
-180.0,-80.0,0.0,NaN,NaN,NaN
-170.0,-80.0,0.0,NaN,NaN,NaN
-160.0,-80.0,0.0,NaN,NaN,NaN
-150.0,-80.0,0.0,NaN,NaN,NaN
-140.0,-80.0,0.0,NaN,NaN,NaN
-130.0,-80.0,0.0,NaN,NaN,NaN
-120.0,-80.0,0.0,NaN,NaN,NaN
-110.0,-80.0,0.0,NaN,NaN,NaN
-100.0,-80.0,0.0,NaN,NaN,NaN
-90.0,-80.0,0.0,NaN,NaN,NaN
-80.0,-80.0,0.0,NaN,NaN,NaN
-70.0,-80.0,0.0,NaN,NaN,NaN
-60.0,-80.0,0.0,NaN,NaN,NaN
-50.0,-80.0,0.0,NaN,NaN,NaN
-40.0,-80.0,0.0,NaN,NaN,NaN
-30.0,-80.0,0.0,NaN,NaN,NaN
-20.0,-80.0,0.0,NaN,NaN,NaN
-10.0,-80.0,0.0,NaN,NaN,NaN
0.0,-80.0,0.0,NaN,NaN,NaN
10.0,-80.0,0.0,NaN,NaN,NaN
20.0,-80.0,0.0,NaN,NaN,NaN
30.0,-80.0,0.0,NaN,NaN,NaN
40.0,-80.0,0.0,NaN,NaN,NaN
50.0,-80.0,0.0,NaN,NaN,NaN
60.0,-80.0,0.0,NaN,NaN,NaN
70.0,-80.0,0.0,NaN,NaN,NaN
80.0,-80.0,0.0,NaN,NaN,NaN
90.0,-80.0,0.0,NaN,NaN,NaN
100.0,-80.0,0.0,NaN,NaN,NaN
110.0,-80.0,0.0,NaN,NaN,NaN
120.0,-80.0,0.0,NaN,NaN,NaN
130.0,-80.0,0.0,NaN,NaN,NaN
140.0,-80.0,0.0,NaN,NaN,NaN
150.0,-80.0,0.0,NaN,NaN,NaN
160.0,-80.0,0.0,NaN,NaN,NaN
170.0,-80.0,0.0,NaN,NaN,NaN
180.0,-80.0,0.0,NaN,NaN,NaN
190.0,-80.0,0.0,NaN,NaN,NaN
200.0,-80.0,0.0,NaN,NaN,NaN
-200.0,-70.0,0.0,NaN,NaN,NaN
-190.0,-70.0,0.0,NaN,NaN,NaN
-180.0,-70.0,0.0,NaN,NaN,NaN
-170.0,-70.0,0.0,NaN,NaN,NaN
-160.0,-70.0,0.0,NaN,NaN,NaN
-150.0,-70.0,0.0,NaN,NaN,NaN
-140.0,-70.0,0.0,NaN,NaN,NaN
-130.0,-70.0,0.0,NaN,NaN,NaN
-120.0,-70.0,0.0,NaN,NaN,NaN
-110.0,-70.0,0.0,NaN,NaN,NaN
-100.0,-70.0,0.0,NaN,NaN,NaN
-90.0,-70.0,0.0,NaN,NaN,NaN
-80.0,-70.0,0.0,NaN,NaN,NaN
-70.0,-70.0,0.0,NaN,NaN,NaN
-60.0,-70.0,0.0,NaN,NaN,NaN
-50.0,-70.0,0.0,NaN,NaN,NaN
-40.0,-70.0,0.0,NaN,NaN,NaN
-30.0,-70.0,0.0,NaN,NaN,NaN
-20.0,-70.0,0.0,NaN,NaN,NaN
-10.0,-70.0,0.0,NaN,NaN,NaN
0.0,-70.0,0.0,NaN,NaN,NaN
10.0,-70.0,0.0,NaN,NaN,NaN
20.0,-70.0,0.0,NaN,NaN,NaN
30.0,-70.0,0.0,NaN,NaN,NaN
40.0,-70.0,0.0,NaN,NaN,NaN
50.0,-70.0,0.0,NaN,NaN,NaN
60.0,-70.0,0.0,NaN,NaN,NaN
70.0,-70.0,0.0,NaN,NaN,NaN
80.0,-70.0,0.0,NaN,NaN,NaN
90.0,-70.0,0.0,NaN,NaN,NaN
100.0,-70.0,0.0,NaN,NaN,NaN
110.0,-70.0,0.0,NaN,NaN,NaN
120.0,-70.0,0.0,NaN,NaN,NaN
130.0,-70.0,0.0,NaN,NaN,NaN
140.0,-70.0,0.0,NaN,NaN,NaN
150.0,-70.0,0.0,NaN,NaN,NaN
160.0,-70.0,0.0,NaN,NaN,NaN
170.0,-70.0,0.0,NaN,NaN,NaN
180.0,-70.0,0.0,NaN,NaN,NaN
190.0,-70.0,0.0,NaN,NaN,NaN
200.0,-70.0,0.0,NaN,NaN,NaN
-200.0,-60.0,0.0,NaN,NaN,NaN
-190.0,-60.0,0.0,NaN,NaN,NaN
-180.0,-60.0,0.0,NaN,NaN,NaN
-170.0,-60.0,0.0,NaN,NaN,NaN
-160.0,-60.0,0.0,NaN,NaN,NaN
-150.0,-60.0,0.0,NaN,NaN,NaN
-140.0,-60.0,0.0,NaN,NaN,NaN
-130.0,-60.0,0.0,NaN,NaN,NaN
-120.0,-60.0,0.0,NaN,NaN,NaN
-110.0,-60.0,0.0,NaN,NaN,NaN
-100.0,-60.0,0.0,NaN,NaN,NaN
-90.0,-60.0,0.0,NaN,NaN,NaN
-80.0,-60.0,0.0,NaN,NaN,NaN
-70.0,-60.0,0.0,NaN,NaN,NaN
-60.0,-60.0,0.0,NaN,NaN,NaN
-50.0,-60.0,0.0,NaN,NaN,NaN
-40.0,-60.0,0.0,NaN,NaN,NaN
-30.0,-60.0,0.0,NaN,NaN,NaN
-20.0,-60.0,0.0,NaN,NaN,NaN
-10.0,-60.0,0.0,NaN,NaN,NaN
0.0,-60.0,0.0,NaN,NaN,NaN
10.0,-60.0,0.0,NaN,NaN,NaN
20.0,-60.0,0.0,NaN,NaN,NaN
30.0,-60.0,0.0,NaN,NaN,NaN
40.0,-60.0,0.0,NaN,NaN,NaN
50.0,-60.0,0.0,NaN,NaN,NaN
60.0,-60.0,0.0,NaN,NaN,NaN
70.0,-60.0,0.0,NaN,NaN,NaN
80.0,-60.0,0.0,NaN,NaN,NaN
90.0,-60.0,0.0,NaN,NaN,NaN
100.0,-60.0,0.0,NaN,NaN,NaN
110.0,-60.0,0.0,NaN,NaN,NaN
120.0,-60.0,0.0,NaN,NaN,NaN
130.0,-60.0,0.0,NaN,NaN,NaN
140.0,-60.0,0.0,NaN,NaN,NaN
150.0,-60.0,0.0,NaN,NaN,NaN
160.0,-60.0,0.0,NaN,NaN,NaN
170.0,-60.0,0.0,NaN,NaN,NaN
180.0,-60.0,0.0,NaN,NaN,NaN
190.0,-60.0,0.0,NaN,NaN,NaN
200.0,-60.0,0.0,NaN,NaN,NaN
-200.0,-50.0,0.0,NaN,NaN,NaN
-190.0,-50.0,0.0,NaN,NaN,NaN
-180.0,-50.0,0.0,NaN,NaN,NaN
-170.0,-50.0,0.0,NaN,NaN,NaN
-160.0,-50.0,0.0,NaN,NaN,NaN
-150.0,-50.0,0.0,NaN,NaN,NaN
-140.0,-50.0,0.0,NaN,NaN,NaN
-130.0,-50.0,0.0,NaN,NaN,NaN
-120.0,-50.0,0.0,NaN,NaN,NaN
-110.0,-50.0,0.0,NaN,NaN,NaN
-100.0,-50.0,0.0,NaN,NaN,NaN
-90.0,-50.0,0.0,NaN,NaN,NaN
-80.0,-50.0,0.0,NaN,NaN,NaN
-70.0,-50.0,0.0,NaN,NaN,NaN
-60.0,-50.0,0.0,NaN,NaN,NaN
-50.0,-50.0,0.0,NaN,NaN,NaN
-40.0,-50.0,0.0,NaN,NaN,NaN
-30.0,-50.0,0.0,NaN,NaN,NaN
-20.0,-50.0,0.0,NaN,NaN,NaN
-10.0,-50.0,0.0,NaN,NaN,NaN
0.0,-50.0,0.0,NaN,NaN,NaN
10.0,-50.0,0.0,NaN,NaN,NaN
20.0,-50.0,0.0,NaN,NaN,NaN
30.0,-50.0,0.0,NaN,NaN,NaN
40.0,-50.0,0.0,NaN,NaN,NaN
50.0,-50.0,0.0,NaN,NaN,NaN
60.0,-50.0,0.0,NaN,NaN,NaN
70.0,-50.0,0.0,NaN,NaN,NaN
80.0,-50.0,0.0,NaN,NaN,NaN
90.0,-50.0,0.0,NaN,NaN,NaN
100.0,-50.0,0.0,NaN,NaN,NaN
110.0,-50.0,0.0,NaN,NaN,NaN
120.0,-50.0,0.0,NaN,NaN,NaN
130.0,-50.0,0.0,NaN,NaN,NaN
140.0,-50.0,0.0,NaN,NaN,NaN
150.0,-50.0,0.0,NaN,NaN,NaN
160.0,-50.0,0.0,NaN,NaN,NaN
170.0,-50.0,0.0,NaN,NaN,NaN
180.0,-50.0,0.0,NaN,NaN,NaN
190.0,-50.0,0.0,NaN,NaN,NaN
200.0,-50.0,0.0,NaN,NaN,NaN
-200.0,-40.0,0.0,NaN,NaN,NaN
-190.0,-40.0,0.0,NaN,NaN,NaN
-180.0,-40.0,0.0,NaN,NaN,NaN
-170.0,-40.0,0.0,NaN,NaN,NaN
-160.0,-40.0,0.0,NaN,NaN,NaN
-150.0,-40.0,0.0,NaN,NaN,NaN
-140.0,-40.0,0.0,NaN,NaN,NaN
-130.0,-40.0,0.0,NaN,NaN,NaN
-120.0,-40.0,0.0,NaN,NaN,NaN
-110.0,-40.0,0.0,NaN,NaN,NaN
-100.0,-40.0,0.0,NaN,NaN,NaN
-90.0,-40.0,0.0,NaN,NaN,NaN
-80.0,-40.0,0.0,NaN,NaN,NaN
-70.0,-40.0,0.0,NaN,NaN,NaN
-60.0,-40.0,0.0,NaN,NaN,NaN
-50.0,-40.0,0.0,NaN,NaN,NaN
-40.0,-40.0,0.0,NaN,NaN,NaN
-30.0,-40.0,0.0,NaN,NaN,NaN
-20.0,-40.0,0.0,NaN,NaN,NaN
-10.0,-40.0,0.0,NaN,NaN,NaN
0.0,-40.0,0.0,NaN,NaN,NaN
10.0,-40.0,0.0,NaN,NaN,NaN
20.0,-40.0,0.0,NaN,NaN,NaN
30.0,-40.0,0.0,NaN,NaN,NaN
40.0,-40.0,0.0,NaN,NaN,NaN
50.0,-40.0,0.0,NaN,NaN,NaN
60.0,-40.0,0.0,NaN,NaN,NaN
70.0,-40.0,0.0,NaN,NaN,NaN
80.0,-40.0,0.0,NaN,NaN,NaN
90.0,-40.0,0.0,NaN,NaN,NaN
100.0,-40.0,0.0,NaN,NaN,NaN
110.0,-40.0,0.0,NaN,NaN,NaN
120.0,-40.0,0.0,NaN,NaN,NaN
130.0,-40.0,0.0,NaN,NaN,NaN
140.0,-40.0,0.0,NaN,NaN,NaN
150.0,-40.0,0.0,NaN,NaN,NaN
160.0,-40.0,0.0,NaN,NaN,NaN
170.0,-40.0,0.0,NaN,NaN,NaN
180.0,-40.0,0.0,NaN,NaN,NaN
190.0,-40.0,0.0,NaN,NaN,NaN
200.0,-40.0,0.0,NaN,NaN,NaN
-200.0,-30.0,0.0,NaN,NaN,NaN
-190.0,-30.0,0.0,NaN,NaN,NaN
-180.0,-30.0,0.0,NaN,NaN,NaN
-170.0,-30.0,0.0,NaN,NaN,NaN
-160.0,-30.0,0.0,NaN,NaN,NaN
-150.0,-30.0,0.0,NaN,NaN,NaN
-140.0,-30.0,0.0,NaN,NaN,NaN
-130.0,-30.0,0.0,NaN,NaN,NaN
-120.0,-30.0,0.0,NaN,NaN,NaN
-110.0,-30.0,0.0,NaN,NaN,NaN
-100.0,-30.0,0.0,NaN,NaN,NaN
-90.0,-30.0,0.0,NaN,NaN,NaN
-80.0,-30.0,0.0,NaN,NaN,NaN
-70.0,-30.0,0.0,NaN,NaN,NaN
-60.0,-30.0,0.0,NaN,NaN,NaN
-50.0,-30.0,0.0,NaN,NaN,NaN
-40.0,-30.0,0.0,NaN,NaN,NaN
-30.0,-30.0,0.0,NaN,NaN,NaN
-20.0,-30.0,0.0,NaN,NaN,NaN
-10.0,-30.0,0.0,NaN,NaN,NaN
0.0,-30.0,0.0,NaN,NaN,NaN
10.0,-30.0,0.0,NaN,NaN,NaN
20.0,-30.0,0.0,NaN,NaN,NaN
30.0,-30.0,0.0,NaN,NaN,NaN
40.0,-30.0,0.0,NaN,NaN,NaN
50.0,-30.0,0.0,NaN,NaN,NaN
60.0,-30.0,0.0,NaN,NaN,NaN
70.0,-30.0,0.0,NaN,NaN,NaN
80.0,-30.0,0.0,NaN,NaN,NaN
90.0,-30.0,0.0,NaN,NaN,NaN
100.0,-30.0,0.0,NaN,NaN,NaN
110.0,-30.0,0.0,NaN,NaN,NaN
120.0,-30.0,0.0,NaN,NaN,NaN
130.0,-30.0,0.0,NaN,NaN,NaN
140.0,-30.0,0.0,NaN,NaN,NaN
150.0,-30.0,0.0,NaN,NaN,NaN
160.0,-30.0,0.0,NaN,NaN,NaN
170.0,-30.0,0.0,NaN,NaN,NaN
180.0,-30.0,0.0,NaN,NaN,NaN
190.0,-30.0,0.0,NaN,NaN,NaN
200.0,-30.0,0.0,NaN,NaN,NaN
-200.0,-20.0,0.0,NaN,NaN,NaN
-190.0,-20.0,0.0,NaN,NaN,NaN
-180.0,-20.0,0.0,NaN,NaN,NaN
-170.0,-20.0,0.0,NaN,NaN,NaN
-160.0,-20.0,0.0,NaN,NaN,NaN
-150.0,-20.0,0.0,NaN,NaN,NaN
-140.0,-20.0,0.0,NaN,NaN,NaN
-130.0,-20.0,0.0,NaN,NaN,NaN
-120.0,-20.0,0.0,NaN,NaN,NaN
-110.0,-20.0,0.0,NaN,NaN,NaN
-100.0,-20.0,0.0,NaN,NaN,NaN
-90.0,-20.0,0.0,NaN,NaN,NaN
-80.0,-20.0,0.0,NaN,NaN,NaN
-70.0,-20.0,0.0,NaN,NaN,NaN
-60.0,-20.0,0.0,NaN,NaN,NaN
-50.0,-20.0,0.0,NaN,NaN,NaN
-40.0,-20.0,0.0,NaN,NaN,NaN
-30.0,-20.0,0.0,NaN,NaN,NaN
-20.0,-20.0,0.0,NaN,NaN,NaN
-10.0,-20.0,0.0,NaN,NaN,NaN
0.0,-20.0,0.0,NaN,NaN,NaN
10.0,-20.0,0.0,NaN,NaN,NaN
20.0,-20.0,0.0,NaN,NaN,NaN
30.0,-20.0,0.0,NaN,NaN,NaN
40.0,-20.0,0.0,NaN,NaN,NaN
50.0,-20.0,0.0,NaN,NaN,NaN
60.0,-20.0,0.0,NaN,NaN,NaN
70.0,-20.0,0.0,NaN,NaN,NaN
80.0,-20.0,0.0,NaN,NaN,NaN
90.0,-20.0,0.0,NaN,NaN,NaN
100.0,-20.0,0.0,NaN,NaN,NaN
110.0,-20.0,0.0,NaN,NaN,NaN
120.0,-20.0,0.0,NaN,NaN,NaN
130.0,-20.0,0.0,NaN,NaN,NaN
140.0,-20.0,0.0,NaN,NaN,NaN
150.0,-20.0,0.0,NaN,NaN,NaN
160.0,-20.0,0.0,NaN,NaN,NaN
170.0,-20.0,0.0,NaN,NaN,NaN
180.0,-20.0,0.0,NaN,NaN,NaN
190.0,-20.0,0.0,NaN,NaN,NaN
200.0,-20.0,0.0,NaN,NaN,NaN
-200.0,-10.0,0.0,NaN,NaN,NaN
-190.0,-10.0,0.0,NaN,NaN,NaN
-180.0,-10.0,0.0,NaN,NaN,NaN
-170.0,-10.0,0.0,NaN,NaN,NaN
-160.0,-10.0,0.0,NaN,NaN,NaN
-150.0,-10.0,0.0,NaN,NaN,NaN
-140.0,-10.0,0.0,NaN,NaN,NaN
-130.0,-10.0,0.0,NaN,NaN,NaN
-120.0,-10.0,0.0,NaN,NaN,NaN
-110.0,-10.0,0.0,NaN,NaN,NaN
-100.0,-10.0,0.0,NaN,NaN,NaN
-90.0,-10.0,0.0,NaN,NaN,NaN
-80.0,-10.0,0.0,NaN,NaN,NaN
-70.0,-10.0,0.0,NaN,NaN,NaN
-60.0,-10.0,0.0,NaN,NaN,NaN
-50.0,-10.0,0.0,NaN,NaN,NaN
-40.0,-10.0,0.0,NaN,NaN,NaN
-30.0,-10.0,0.0,NaN,NaN,NaN
-20.0,-10.0,0.0,NaN,NaN,NaN
-10.0,-10.0,0.0,NaN,NaN,NaN
0.0,-10.0,5.51281135191511e-257,-10364.435929095429,-10342.6387708173,-21.797116315032493
10.0,-10.0,0.0,NaN,NaN,NaN
20.0,-10.0,0.0,NaN,NaN,NaN
30.0,-10.0,0.0,NaN,NaN,NaN
40.0,-10.0,0.0,NaN,NaN,NaN
50.0,-10.0,0.0,NaN,NaN,NaN
60.0,-10.0,0.0,NaN,NaN,NaN
70.0,-10.0,0.0,NaN,NaN,NaN
80.0,-10.0,0.0,NaN,NaN,NaN
90.0,-10.0,0.0,NaN,NaN,NaN
100.0,-10.0,0.0,NaN,NaN,NaN
110.0,-10.0,0.0,NaN,NaN,NaN
120.0,-10.0,0.0,NaN,NaN,NaN
130.0,-10.0,0.0,NaN,NaN,NaN
140.0,-10.0,0.0,NaN,NaN,NaN
150.0,-10.0,0.0,NaN,NaN,NaN
160.0,-10.0,0.0,NaN,NaN,NaN
170.0,-10.0,0.0,NaN,NaN,NaN
180.0,-10.0,0.0,NaN,NaN,NaN
190.0,-10.0,0.0,NaN,NaN,NaN
200.0,-10.0,0.0,NaN,NaN,NaN
-200.0,0.0,0.0,NaN,NaN,NaN
-190.0,0.0,0.0,NaN,NaN,NaN
-180.0,0.0,0.0,NaN,NaN,NaN
-170.0,0.0,0.0,NaN,NaN,NaN
-160.0,0.0,0.0,NaN,NaN,NaN
-150.0,0.0,0.0,NaN,NaN,NaN
-140.0,0.0,0.0,NaN,NaN,NaN
-130.0,0.0,0.0,NaN,NaN,NaN
-120.0,0.0,0.0,NaN,NaN,NaN
-110.0,0.0,0.0,NaN,NaN,NaN
-100.0,0.0,0.0,NaN,NaN,NaN
-90.0,0.0,0.0,NaN,NaN,NaN
-80.0,0.0,0.0,NaN,NaN,NaN
-70.0,0.0,0.0,NaN,NaN,NaN
-60.0,0.0,0.0,NaN,NaN,NaN
-50.0,0.0,0.0,NaN,NaN,NaN
-40.0,0.0,0.0,NaN,NaN,NaN
-30.0,0.0,0.0,NaN,NaN,NaN
-20.0,0.0,0.0,NaN,NaN,NaN
-10.0,0.0,5.51281135191511e-257,-10102.057798964323,-10081.728583902215,-20.329215837592553
0.0,0.0,5.877047433134256e-10,-10290.859052069607,-10269.07570421868,-21.783296764060324
10.0,0.0,1.503107305171083e-219,-10434.419656963075,-10413.22976476681,-21.18987871937943
20.0,0.0,0.0,NaN,NaN,NaN
30.0,0.0,0.0,NaN,NaN,NaN
40.0,0.0,0.0,NaN,NaN,NaN
50.0,0.0,0.0,NaN,NaN,NaN
60.0,0.0,0.0,NaN,NaN,NaN
70.0,0.0,0.0,NaN,NaN,NaN
80.0,0.0,0.0,NaN,NaN,NaN
90.0,0.0,0.0,NaN,NaN,NaN
100.0,0.0,0.0,NaN,NaN,NaN
110.0,0.0,0.0,NaN,NaN,NaN
120.0,0.0,0.0,NaN,NaN,NaN
130.0,0.0,0.0,NaN,NaN,NaN
140.0,0.0,0.0,NaN,NaN,NaN
150.0,0.0,0.0,NaN,NaN,NaN
160.0,0.0,0.0,NaN,NaN,NaN
170.0,0.0,0.0,NaN,NaN,NaN
180.0,0.0,0.0,NaN,NaN,NaN
190.0,0.0,0.0,NaN,NaN,NaN
200.0,0.0,0.0,NaN,NaN,NaN
-200.0,10.0,0.0,NaN,NaN,NaN
-190.0,10.0,0.0,NaN,NaN,NaN
-180.0,10.0,0.0,NaN,NaN,NaN
-170.0,10.0,0.0,NaN,NaN,NaN
-160.0,10.0,0.0,NaN,NaN,NaN
-150.0,10.0,0.0,NaN,NaN,NaN
-140.0,10.0,0.0,NaN,NaN,NaN
-130.0,10.0,0.0,NaN,NaN,NaN
-120.0,10.0,0.0,NaN,NaN,NaN
-110.0,10.0,0.0,NaN,NaN,NaN
-100.0,10.0,0.0,NaN,NaN,NaN
-90.0,10.0,0.0,NaN,NaN,NaN
-80.0,10.0,0.0,NaN,NaN,NaN
-70.0,10.0,0.0,NaN,NaN,NaN
-60.0,10.0,0.0,NaN,NaN,NaN
-50.0,10.0,0.0,NaN,NaN,NaN
-40.0,10.0,0.0,NaN,NaN,NaN
-30.0,10.0,0.0,NaN,NaN,NaN
-20.0,10.0,0.0,NaN,NaN,NaN
-10.0,10.0,0.0,NaN,NaN,NaN
0.0,10.0,1.014110365632481e-56,-10200.495098388903,-10179.408086975836,-21.086979659593435
10.0,10.0,8.074549784660897e-69,-10366.245329993166,-10344.443114315927,-21.802176652498456
20.0,10.0,0.0,NaN,NaN,NaN
30.0,10.0,0.0,NaN,NaN,NaN
40.0,10.0,0.0,NaN,NaN,NaN
50.0,10.0,0.0,NaN,NaN,NaN
60.0,10.0,0.0,NaN,NaN,NaN
70.0,10.0,0.0,NaN,NaN,NaN
80.0,10.0,0.0,NaN,NaN,NaN
90.0,10.0,0.0,NaN,NaN,NaN
100.0,10.0,0.0,NaN,NaN,NaN
110.0,10.0,0.0,NaN,NaN,NaN
120.0,10.0,0.0,NaN,NaN,NaN
130.0,10.0,0.0,NaN,NaN,NaN
140.0,10.0,0.0,NaN,NaN,NaN
150.0,10.0,0.0,NaN,NaN,NaN
160.0,10.0,0.0,NaN,NaN,NaN
170.0,10.0,0.0,NaN,NaN,NaN
180.0,10.0,0.0,NaN,NaN,NaN
190.0,10.0,0.0,NaN,NaN,NaN
200.0,10.0,0.0,NaN,NaN,NaN
-200.0,20.0,0.0,NaN,NaN,NaN
-190.0,20.0,0.0,NaN,NaN,NaN
-180.0,20.0,0.0,NaN,NaN,NaN
-170.0,20.0,0.0,NaN,NaN,NaN
-160.0,20.0,0.0,NaN,NaN,NaN
-150.0,20.0,0.0,NaN,NaN,NaN
-140.0,20.0,0.0,NaN,NaN,NaN
-130.0,20.0,0.0,NaN,NaN,NaN
-120.0,20.0,0.0,NaN,NaN,NaN
-110.0,20.0,0.0,NaN,NaN,NaN
-100.0,20.0,0.0,NaN,NaN,NaN
-90.0,20.0,0.0,NaN,NaN,NaN
-80.0,20.0,0.0,NaN,NaN,NaN
-70.0,20.0,0.0,NaN,NaN,NaN
-60.0,20.0,0.0,NaN,NaN,NaN
-50.0,20.0,0.0,NaN,NaN,NaN
-40.0,20.0,0.0,NaN,NaN,NaN
-30.0,20.0,0.0,NaN,NaN,NaN
-20.0,20.0,0.0,NaN,NaN,NaN
-10.0,20.0,0.0,NaN,NaN,NaN
0.0,20.0,5.931330581432715e-185,-10093.696485115692,-10073.841671611019,-19.85481793324101
10.0,20.0,7.473593708916415e-12,-10294.509154187594,-10272.667131422555,-21.84197307453287
20.0,20.0,2.9011475437109647e-282,-10448.505769624662,-10427.272161745386,-21.233610698346098
30.0,20.0,0.0,NaN,NaN,NaN
40.0,20.0,0.0,NaN,NaN,NaN
50.0,20.0,0.0,NaN,NaN,NaN
60.0,20.0,0.0,NaN,NaN,NaN
70.0,20.0,0.0,NaN,NaN,NaN
80.0,20.0,0.0,NaN,NaN,NaN
90.0,20.0,0.0,NaN,NaN,NaN
100.0,20.0,0.0,NaN,NaN,NaN
110.0,20.0,0.0,NaN,NaN,NaN
120.0,20.0,0.0,NaN,NaN,NaN
130.0,20.0,0.0,NaN,NaN,NaN
140.0,20.0,0.0,NaN,NaN,NaN
150.0,20.0,0.0,NaN,NaN,NaN
160.0,20.0,0.0,NaN,NaN,NaN
170.0,20.0,0.0,NaN,NaN,NaN
180.0,20.0,0.0,NaN,NaN,NaN
190.0,20.0,0.0,NaN,NaN,NaN
200.0,20.0,0.0,NaN,NaN,NaN
-200.0,30.0,0.0,NaN,NaN,NaN
-190.0,30.0,0.0,NaN,NaN,NaN
-180.0,30.0,0.0,NaN,NaN,NaN
-170.0,30.0,0.0,NaN,NaN,NaN
-160.0,30.0,0.0,NaN,NaN,NaN
-150.0,30.0,0.0,NaN,NaN,NaN
-140.0,30.0,0.0,NaN,NaN,NaN
-130.0,30.0,0.0,NaN,NaN,NaN
-120.0,30.0,0.0,NaN,NaN,NaN
-110.0,30.0,0.0,NaN,NaN,NaN
-100.0,30.0,0.0,NaN,NaN,NaN
-90.0,30.0,0.0,NaN,NaN,NaN
-80.0,30.0,0.0,NaN,NaN,NaN
-70.0,30.0,0.0,NaN,NaN,NaN
-60.0,30.0,0.0,NaN,NaN,NaN
-50.0,30.0,0.0,NaN,NaN,NaN
-40.0,30.0,0.0,NaN,NaN,NaN
-30.0,30.0,0.0,NaN,NaN,NaN
-20.0,30.0,0.0,NaN,NaN,NaN
-10.0,30.0,0.0,NaN,NaN,NaN
0.0,30.0,0.0,NaN,NaN,NaN
10.0,30.0,3.003212744684611e-29,-10209.12745616221,-10188.173848609076,-20.953572355758908
20.0,30.0,3.066214920574735e-131,-10381.920069836513,-10359.972717815028,-21.94732391544417
30.0,30.0,0.0,NaN,NaN,NaN
40.0,30.0,0.0,NaN,NaN,NaN
50.0,30.0,0.0,NaN,NaN,NaN
60.0,30.0,0.0,NaN,NaN,NaN
70.0,30.0,0.0,NaN,NaN,NaN
80.0,30.0,0.0,NaN,NaN,NaN
90.0,30.0,0.0,NaN,NaN,NaN
100.0,30.0,0.0,NaN,NaN,NaN
110.0,30.0,0.0,NaN,NaN,NaN
120.0,30.0,0.0,NaN,NaN,NaN
130.0,30.0,0.0,NaN,NaN,NaN
140.0,30.0,0.0,NaN,NaN,NaN
150.0,30.0,0.0,NaN,NaN,NaN
160.0,30.0,0.0,NaN,NaN,NaN
170.0,30.0,0.0,NaN,NaN,NaN
180.0,30.0,0.0,NaN,NaN,NaN
190.0,30.0,0.0,NaN,NaN,NaN
200.0,30.0,0.0,NaN,NaN,NaN
-200.0,40.0,0.0,NaN,NaN,NaN
-190.0,40.0,0.0,NaN,NaN,NaN
-180.0,40.0,0.0,NaN,NaN,NaN
-170.0,40.0,0.0,NaN,NaN,NaN
-160.0,40.0,0.0,NaN,NaN,NaN
-150.0,40.0,0.0,NaN,NaN,NaN
-140.0,40.0,0.0,NaN,NaN,NaN
-130.0,40.0,0.0,NaN,NaN,NaN
-120.0,40.0,0.0,NaN,NaN,NaN
-110.0,40.0,0.0,NaN,NaN,NaN
-100.0,40.0,0.0,NaN,NaN,NaN
-90.0,40.0,0.0,NaN,NaN,NaN
-80.0,40.0,0.0,NaN,NaN,NaN
-70.0,40.0,0.0,NaN,NaN,NaN
-60.0,40.0,0.0,NaN,NaN,NaN
-50.0,40.0,0.0,NaN,NaN,NaN
-40.0,40.0,0.0,NaN,NaN,NaN
-30.0,40.0,0.0,NaN,NaN,NaN
-20.0,40.0,0.0,NaN,NaN,NaN
-10.0,40.0,0.0,NaN,NaN,NaN
0.0,40.0,0.0,NaN,NaN,NaN
10.0,40.0,1.0260365729282084e-103,-10106.515722725728,-10087.183805182025,-19.33191729782269
20.0,40.0,4.7201266147703284e-46,-10316.500919714412,-10294.256253194964,-22.244618191933405
30.0,40.0,0.0,NaN,NaN,NaN
40.0,40.0,0.0,NaN,NaN,NaN
50.0,40.0,0.0,NaN,NaN,NaN
60.0,40.0,0.0,NaN,NaN,NaN
70.0,40.0,0.0,NaN,NaN,NaN
80.0,40.0,0.0,NaN,NaN,NaN
90.0,40.0,0.0,NaN,NaN,NaN
100.0,40.0,0.0,NaN,NaN,NaN
110.0,40.0,0.0,NaN,NaN,NaN
120.0,40.0,0.0,NaN,NaN,NaN
130.0,40.0,0.0,NaN,NaN,NaN
140.0,40.0,0.0,NaN,NaN,NaN
150.0,40.0,0.0,NaN,NaN,NaN
160.0,40.0,0.0,NaN,NaN,NaN
170.0,40.0,0.0,NaN,NaN,NaN
180.0,40.0,0.0,NaN,NaN,NaN
190.0,40.0,0.0,NaN,NaN,NaN
200.0,40.0,0.0,NaN,NaN,NaN
-200.0,50.0,0.0,NaN,NaN,NaN
-190.0,50.0,0.0,NaN,NaN,NaN
-180.0,50.0,0.0,NaN,NaN,NaN
-170.0,50.0,0.0,NaN,NaN,NaN
-160.0,50.0,0.0,NaN,NaN,NaN
-150.0,50.0,0.0,NaN,NaN,NaN
-140.0,50.0,0.0,NaN,NaN,NaN
-130.0,50.0,0.0,NaN,NaN,NaN
-120.0,50.0,0.0,NaN,NaN,NaN
-110.0,50.0,0.0,NaN,NaN,NaN
-100.0,50.0,0.0,NaN,NaN,NaN
-90.0,50.0,0.0,NaN,NaN,NaN
-80.0,50.0,0.0,NaN,NaN,NaN
-70.0,50.0,0.0,NaN,NaN,NaN
-60.0,50.0,0.0,NaN,NaN,NaN
-50.0,50.0,0.0,NaN,NaN,NaN
-40.0,50.0,0.0,NaN,NaN,NaN
-30.0,50.0,0.0,NaN,NaN,NaN
-20.0,50.0,0.0,NaN,NaN,NaN
-10.0,50.0,0.0,NaN,NaN,NaN
0.0,50.0,0.0,NaN,NaN,NaN
10.0,50.0,1.3507138423853036e-227,-9983.34753120359,-9964.955795019727,-18.391752707880094
20.0,50.0,1.6419953464179608e-11,-10236.084827843295,-10214.658745956644,-21.4260408389227
30.0,50.0,6.463999183e-314,-10422.028104573164,-10400.04095761919,-21.9871515399808
40.0,50.0,0.0,NaN,NaN,NaN
50.0,50.0,0.0,NaN,NaN,NaN
60.0,50.0,0.0,NaN,NaN,NaN
70.0,50.0,0.0,NaN,NaN,NaN
80.0,50.0,0.0,NaN,NaN,NaN
90.0,50.0,0.0,NaN,NaN,NaN
100.0,50.0,0.0,NaN,NaN,NaN
110.0,50.0,0.0,NaN,NaN,NaN
120.0,50.0,0.0,NaN,NaN,NaN
130.0,50.0,0.0,NaN,NaN,NaN
140.0,50.0,0.0,NaN,NaN,NaN
150.0,50.0,0.0,NaN,NaN,NaN
160.0,50.0,0.0,NaN,NaN,NaN
170.0,50.0,0.0,NaN,NaN,NaN
180.0,50.0,0.0,NaN,NaN,NaN
190.0,50.0,0.0,NaN,NaN,NaN
200.0,50.0,0.0,NaN,NaN,NaN
-200.0,60.0,0.0,NaN,NaN,NaN
-190.0,60.0,0.0,NaN,NaN,NaN
-180.0,60.0,0.0,NaN,NaN,NaN
-170.0,60.0,0.0,NaN,NaN,NaN
-160.0,60.0,0.0,NaN,NaN,NaN
-150.0,60.0,0.0,NaN,NaN,NaN
-140.0,60.0,0.0,NaN,NaN,NaN
-130.0,60.0,0.0,NaN,NaN,NaN
-120.0,60.0,0.0,NaN,NaN,NaN
-110.0,60.0,0.0,NaN,NaN,NaN
-100.0,60.0,0.0,NaN,NaN,NaN
-90.0,60.0,0.0,NaN,NaN,NaN
-80.0,60.0,0.0,NaN,NaN,NaN
-70.0,60.0,0.0,NaN,NaN,NaN
-60.0,60.0,0.0,NaN,NaN,NaN
-50.0,60.0,0.0,NaN,NaN,NaN
-40.0,60.0,0.0,NaN,NaN,NaN
-30.0,60.0,0.0,NaN,NaN,NaN
-20.0,60.0,0.0,NaN,NaN,NaN
-10.0,60.0,0.0,NaN,NaN,NaN
0.0,60.0,0.0,NaN,NaN,NaN
10.0,60.0,0.0,NaN,NaN,NaN
20.0,60.0,7.956237887997071e-19,-10139.832783623739,-10119.68373245482,-20.149040011375643
30.0,60.0,1.7704792036950246e-194,-10356.007178146207,-10333.871489912628,-22.135662315048705
40.0,60.0,0.0,NaN,NaN,NaN
50.0,60.0,0.0,NaN,NaN,NaN
60.0,60.0,0.0,NaN,NaN,NaN
70.0,60.0,0.0,NaN,NaN,NaN
80.0,60.0,0.0,NaN,NaN,NaN
90.0,60.0,0.0,NaN,NaN,NaN
100.0,60.0,0.0,NaN,NaN,NaN
110.0,60.0,0.0,NaN,NaN,NaN
120.0,60.0,0.0,NaN,NaN,NaN
130.0,60.0,0.0,NaN,NaN,NaN
140.0,60.0,0.0,NaN,NaN,NaN
150.0,60.0,0.0,NaN,NaN,NaN
160.0,60.0,0.0,NaN,NaN,NaN
170.0,60.0,0.0,NaN,NaN,NaN
180.0,60.0,0.0,NaN,NaN,NaN
190.0,60.0,0.0,NaN,NaN,NaN
200.0,60.0,0.0,NaN,NaN,NaN
-200.0,70.0,0.0,NaN,NaN,NaN
-190.0,70.0,0.0,NaN,NaN,NaN
-180.0,70.0,0.0,NaN,NaN,NaN
-170.0,70.0,0.0,NaN,NaN,NaN
-160.0,70.0,0.0,NaN,NaN,NaN
-150.0,70.0,0.0,NaN,NaN,NaN
-140.0,70.0,0.0,NaN,NaN,NaN
-130.0,70.0,0.0,NaN,NaN,NaN
-120.0,70.0,0.0,NaN,NaN,NaN
-110.0,70.0,0.0,NaN,NaN,NaN
-100.0,70.0,0.0,NaN,NaN,NaN
-90.0,70.0,0.0,NaN,NaN,NaN
-80.0,70.0,0.0,NaN,NaN,NaN
-70.0,70.0,0.0,NaN,NaN,NaN
-60.0,70.0,0.0,NaN,NaN,NaN
-50.0,70.0,0.0,NaN,NaN,NaN
-40.0,70.0,0.0,NaN,NaN,NaN
-30.0,70.0,0.0,NaN,NaN,NaN
-20.0,70.0,0.0,NaN,NaN,NaN
-10.0,70.0,0.0,NaN,NaN,NaN
0.0,70.0,0.0,NaN,NaN,NaN
10.0,70.0,0.0,NaN,NaN,NaN
20.0,70.0,3.694259697758685e-53,-10032.81609440181,-10013.786306360971,-19.029803634071822
30.0,70.0,1.7509964405629516e-117,-10295.136074728885,-10272.945148598617,-22.19088194689453
40.0,70.0,0.0,NaN,NaN,NaN
50.0,70.0,0.0,NaN,NaN,NaN
60.0,70.0,0.0,NaN,NaN,NaN
70.0,70.0,0.0,NaN,NaN,NaN
80.0,70.0,0.0,NaN,NaN,NaN
90.0,70.0,0.0,NaN,NaN,NaN
100.0,70.0,0.0,NaN,NaN,NaN
110.0,70.0,0.0,NaN,NaN,NaN
120.0,70.0,0.0,NaN,NaN,NaN
130.0,70.0,0.0,NaN,NaN,NaN
140.0,70.0,0.0,NaN,NaN,NaN
150.0,70.0,0.0,NaN,NaN,NaN
160.0,70.0,0.0,NaN,NaN,NaN
170.0,70.0,0.0,NaN,NaN,NaN
180.0,70.0,0.0,NaN,NaN,NaN
190.0,70.0,0.0,NaN,NaN,NaN
200.0,70.0,0.0,NaN,NaN,NaN
-200.0,80.0,0.0,NaN,NaN,NaN
-190.0,80.0,0.0,NaN,NaN,NaN
-180.0,80.0,0.0,NaN,NaN,NaN
-170.0,80.0,0.0,NaN,NaN,NaN
-160.0,80.0,0.0,NaN,NaN,NaN
-150.0,80.0,0.0,NaN,NaN,NaN
-140.0,80.0,0.0,NaN,NaN,NaN
-130.0,80.0,0.0,NaN,NaN,NaN
-120.0,80.0,0.0,NaN,NaN,NaN
-110.0,80.0,0.0,NaN,NaN,NaN
-100.0,80.0,0.0,NaN,NaN,NaN
-90.0,80.0,0.0,NaN,NaN,NaN
-80.0,80.0,0.0,NaN,NaN,NaN
-70.0,80.0,0.0,NaN,NaN,NaN
-60.0,80.0,0.0,NaN,NaN,NaN
-50.0,80.0,0.0,NaN,NaN,NaN
-40.0,80.0,0.0,NaN,NaN,NaN
-30.0,80.0,0.0,NaN,NaN,NaN
-20.0,80.0,0.0,NaN,NaN,NaN
-10.0,80.0,0.0,NaN,NaN,NaN
0.0,80.0,0.0,NaN,NaN,NaN
10.0,80.0,0.0,NaN,NaN,NaN
20.0,80.0,2.4380065643181085e-95,-9935.549877923102,-9917.755186144836,-17.79470809855189
30.0,80.0,4.2860564307560314e-73,-10236.487963369196,-10214.657166403069,-21.830755452337524
40.0,80.0,0.0,NaN,NaN,NaN
50.0,80.0,0.0,NaN,NaN,NaN
60.0,80.0,0.0,NaN,NaN,NaN
70.0,80.0,0.0,NaN,NaN,NaN
80.0,80.0,0.0,NaN,NaN,NaN
90.0,80.0,0.0,NaN,NaN,NaN
100.0,80.0,0.0,NaN,NaN,NaN
110.0,80.0,0.0,NaN,NaN,NaN
120.0,80.0,0.0,NaN,NaN,NaN
130.0,80.0,0.0,NaN,NaN,NaN
140.0,80.0,0.0,NaN,NaN,NaN
150.0,80.0,0.0,NaN,NaN,NaN
160.0,80.0,0.0,NaN,NaN,NaN
170.0,80.0,0.0,NaN,NaN,NaN
180.0,80.0,0.0,NaN,NaN,NaN
190.0,80.0,0.0,NaN,NaN,NaN
200.0,80.0,0.0,NaN,NaN,NaN
-200.0,90.0,0.0,NaN,NaN,NaN
-190.0,90.0,0.0,NaN,NaN,NaN
-180.0,90.0,0.0,NaN,NaN,NaN
-170.0,90.0,0.0,NaN,NaN,NaN
-160.0,90.0,0.0,NaN,NaN,NaN
-150.0,90.0,0.0,NaN,NaN,NaN
-140.0,90.0,0.0,NaN,NaN,NaN
-130.0,90.0,0.0,NaN,NaN,NaN
-120.0,90.0,0.0,NaN,NaN,NaN
-110.0,90.0,0.0,NaN,NaN,NaN
-100.0,90.0,0.0,NaN,NaN,NaN
-90.0,90.0,0.0,NaN,NaN,NaN
-80.0,90.0,0.0,NaN,NaN,NaN
-70.0,90.0,0.0,NaN,NaN,NaN
-60.0,90.0,0.0,NaN,NaN,NaN
-50.0,90.0,0.0,NaN,NaN,NaN
-40.0,90.0,0.0,NaN,NaN,NaN
-30.0,90.0,0.0,NaN,NaN,NaN
-20.0,90.0,0.0,NaN,NaN,NaN
-10.0,90.0,0.0,NaN,NaN,NaN
0.0,90.0,0.0,NaN,NaN,NaN
10.0,90.0,0.0,NaN,NaN,NaN
20.0,90.0,1.324347721378053e-145,-9829.712289713074,-9812.57806745911,-17.1342269778418
30.0,90.0,1.642474014679101e-46,-10170.05680551812,-10149.212413436922,-20.84436343600266
40.0,90.0,0.0,NaN,NaN,NaN
50.0,90.0,0.0,NaN,NaN,NaN
60.0,90.0,0.0,NaN,NaN,NaN
70.0,90.0,0.0,NaN,NaN,NaN
80.0,90.0,0.0,NaN,NaN,NaN
90.0,90.0,0.0,NaN,NaN,NaN
100.0,90.0,0.0,NaN,NaN,NaN
110.0,90.0,0.0,NaN,NaN,NaN
120.0,90.0,0.0,NaN,NaN,NaN
130.0,90.0,0.0,NaN,NaN,NaN
140.0,90.0,0.0,NaN,NaN,NaN
150.0,90.0,0.0,NaN,NaN,NaN
160.0,90.0,0.0,NaN,NaN,NaN
170.0,90.0,0.0,NaN,NaN,NaN
180.0,90.0,0.0,NaN,NaN,NaN
190.0,90.0,0.0,NaN,NaN,NaN
200.0,90.0,0.0,NaN,NaN,NaN
-200.0,100.0,0.0,NaN,NaN,NaN
-190.0,100.0,0.0,NaN,NaN,NaN
-180.0,100.0,0.0,NaN,NaN,NaN
-170.0,100.0,0.0,NaN,NaN,NaN
-160.0,100.0,0.0,NaN,NaN,NaN
-150.0,100.0,0.0,NaN,NaN,NaN
-140.0,100.0,0.0,NaN,NaN,NaN
-130.0,100.0,0.0,NaN,NaN,NaN
-120.0,100.0,0.0,NaN,NaN,NaN
-110.0,100.0,0.0,NaN,NaN,NaN
-100.0,100.0,0.0,NaN,NaN,NaN
-90.0,100.0,0.0,NaN,NaN,NaN
-80.0,100.0,0.0,NaN,NaN,NaN
-70.0,100.0,0.0,NaN,NaN,NaN
-60.0,100.0,0.0,NaN,NaN,NaN
-50.0,100.0,0.0,NaN,NaN,NaN
-40.0,100.0,0.0,NaN,NaN,NaN
-30.0,100.0,0.0,NaN,NaN,NaN
-20.0,100.0,0.0,NaN,NaN,NaN
-10.0,100.0,0.0,NaN,NaN,NaN
0.0,100.0,0.0,NaN,NaN,NaN
10.0,100.0,0.0,NaN,NaN,NaN
20.0,100.0,2.9604433502542223e-178,-9745.514709800002,-9729.901573088986,-15.613132057100858
30.0,100.0,1.2241267707632244e-35,-10107.80938603045,-10087.810279007163,-19.999102229244333
40.0,100.0,0.0,NaN,NaN,NaN
50.0,100.0,0.0,NaN,NaN,NaN
60.0,100.0,0.0,NaN,NaN,NaN
70.0,100.0,0.0,NaN,NaN,NaN
80.0,100.0,0.0,NaN,NaN,NaN
90.0,100.0,0.0,NaN,NaN,NaN
100.0,100.0,0.0,NaN,NaN,NaN
110.0,100.0,0.0,NaN,NaN,NaN
120.0,100.0,0.0,NaN,NaN,NaN
130.0,100.0,0.0,NaN,NaN,NaN
140.0,100.0,0.0,NaN,NaN,NaN
150.0,100.0,0.0,NaN,NaN,NaN
160.0,100.0,0.0,NaN,NaN,NaN
170.0,100.0,0.0,NaN,NaN,NaN
180.0,100.0,0.0,NaN,NaN,NaN
190.0,100.0,0.0,NaN,NaN,NaN
200.0,100.0,0.0,NaN,NaN,NaN
-200.0,110.0,0.0,NaN,NaN,NaN
-190.0,110.0,0.0,NaN,NaN,NaN
-180.0,110.0,0.0,NaN,NaN,NaN
-170.0,110.0,0.0,NaN,NaN,NaN
-160.0,110.0,0.0,NaN,NaN,NaN
-150.0,110.0,0.0,NaN,NaN,NaN
-140.0,110.0,0.0,NaN,NaN,NaN
-130.0,110.0,0.0,NaN,NaN,NaN
-120.0,110.0,0.0,NaN,NaN,NaN
-110.0,110.0,0.0,NaN,NaN,NaN
-100.0,110.0,0.0,NaN,NaN,NaN
-90.0,110.0,0.0,NaN,NaN,NaN
-80.0,110.0,0.0,NaN,NaN,NaN
-70.0,110.0,0.0,NaN,NaN,NaN
-60.0,110.0,0.0,NaN,NaN,NaN
-50.0,110.0,0.0,NaN,NaN,NaN
-40.0,110.0,0.0,NaN,NaN,NaN
-30.0,110.0,0.0,NaN,NaN,NaN
-20.0,110.0,0.0,NaN,NaN,NaN
-10.0,110.0,0.0,NaN,NaN,NaN
0.0,110.0,0.0,NaN,NaN,NaN
10.0,110.0,0.0,NaN,NaN,NaN
20.0,110.0,3.369632417299474e-208,-9647.698929627599,-9634.270737054008,-13.428172694176936
30.0,110.0,1.8835245424594494e-34,-10052.709069907549,-10033.139958062837,-19.56912205389579
40.0,110.0,0.0,NaN,NaN,NaN
50.0,110.0,0.0,NaN,NaN,NaN
60.0,110.0,0.0,NaN,NaN,NaN
70.0,110.0,0.0,NaN,NaN,NaN
80.0,110.0,0.0,NaN,NaN,NaN
90.0,110.0,0.0,NaN,NaN,NaN
100.0,110.0,0.0,NaN,NaN,NaN
110.0,110.0,0.0,NaN,NaN,NaN
120.0,110.0,0.0,NaN,NaN,NaN
130.0,110.0,0.0,NaN,NaN,NaN
140.0,110.0,0.0,NaN,NaN,NaN
150.0,110.0,0.0,NaN,NaN,NaN
160.0,110.0,0.0,NaN,NaN,NaN
170.0,110.0,0.0,NaN,NaN,NaN
180.0,110.0,0.0,NaN,NaN,NaN
190.0,110.0,0.0,NaN,NaN,NaN
200.0,110.0,0.0,NaN,NaN,NaN
-200.0,120.0,0.0,NaN,NaN,NaN
-190.0,120.0,0.0,NaN,NaN,NaN
-180.0,120.0,0.0,NaN,NaN,NaN
-170.0,120.0,0.0,NaN,NaN,NaN
-160.0,120.0,0.0,NaN,NaN,NaN
-150.0,120.0,0.0,NaN,NaN,NaN
-140.0,120.0,0.0,NaN,NaN,NaN
-130.0,120.0,0.0,NaN,NaN,NaN
-120.0,120.0,0.0,NaN,NaN,NaN
-110.0,120.0,0.0,NaN,NaN,NaN
-100.0,120.0,0.0,NaN,NaN,NaN
-90.0,120.0,0.0,NaN,NaN,NaN
-80.0,120.0,0.0,NaN,NaN,NaN
-70.0,120.0,0.0,NaN,NaN,NaN
-60.0,120.0,0.0,NaN,NaN,NaN
-50.0,120.0,0.0,NaN,NaN,NaN
-40.0,120.0,0.0,NaN,NaN,NaN
-30.0,120.0,0.0,NaN,NaN,NaN
-20.0,120.0,0.0,NaN,NaN,NaN
-10.0,120.0,0.0,NaN,NaN,NaN
0.0,120.0,0.0,NaN,NaN,NaN
10.0,120.0,0.0,NaN,NaN,NaN
20.0,120.0,4.009712349481436e-179,-9601.795586601736,-9596.180741754812,-5.614829984218454
30.0,120.0,4.213998308667148e-63,-10055.919585777572,-10033.657253186955,-22.262339643761774
40.0,120.0,0.0,NaN,NaN,NaN
50.0,120.0,0.0,NaN,NaN,NaN
60.0,120.0,0.0,NaN,NaN,NaN
70.0,120.0,0.0,NaN,NaN,NaN
80.0,120.0,0.0,NaN,NaN,NaN
90.0,120.0,0.0,NaN,NaN,NaN
100.0,120.0,0.0,NaN,NaN,NaN
110.0,120.0,0.0,NaN,NaN,NaN
120.0,120.0,0.0,NaN,NaN,NaN
130.0,120.0,0.0,NaN,NaN,NaN
140.0,120.0,0.0,NaN,NaN,NaN
150.0,120.0,0.0,NaN,NaN,NaN
160.0,120.0,0.0,NaN,NaN,NaN
170.0,120.0,0.0,NaN,NaN,NaN
180.0,120.0,0.0,NaN,NaN,NaN
190.0,120.0,0.0,NaN,NaN,NaN
200.0,120.0,0.0,NaN,NaN,NaN
-200.0,130.0,0.0,NaN,NaN,NaN
-190.0,130.0,0.0,NaN,NaN,NaN
-180.0,130.0,0.0,NaN,NaN,NaN
-170.0,130.0,0.0,NaN,NaN,NaN
-160.0,130.0,0.0,NaN,NaN,NaN
-150.0,130.0,0.0,NaN,NaN,NaN
-140.0,130.0,0.0,NaN,NaN,NaN
-130.0,130.0,0.0,NaN,NaN,NaN
-120.0,130.0,0.0,NaN,NaN,NaN
-110.0,130.0,0.0,NaN,NaN,NaN
-100.0,130.0,0.0,NaN,NaN,NaN
-90.0,130.0,0.0,NaN,NaN,NaN
-80.0,130.0,0.0,NaN,NaN,NaN
-70.0,130.0,0.0,NaN,NaN,NaN
-60.0,130.0,0.0,NaN,NaN,NaN
-50.0,130.0,0.0,NaN,NaN,NaN
-40.0,130.0,0.0,NaN,NaN,NaN
-30.0,130.0,0.0,NaN,NaN,NaN
-20.0,130.0,0.0,NaN,NaN,NaN
-10.0,130.0,0.0,NaN,NaN,NaN
0.0,130.0,0.0,NaN,NaN,NaN
10.0,130.0,0.0,NaN,NaN,NaN
20.0,130.0,1.0891620061982191e-95,-9606.819830884411,-9615.699174484369,8.87936048391206
30.0,130.0,2.0239824953445393e-174,-10125.739858532483,-10088.95527289743,-36.78455923909732
40.0,130.0,0.0,NaN,NaN,NaN
50.0,130.0,0.0,NaN,NaN,NaN
60.0,130.0,0.0,NaN,NaN,NaN
70.0,130.0,0.0,NaN,NaN,NaN
80.0,130.0,0.0,NaN,NaN,NaN
90.0,130.0,0.0,NaN,NaN,NaN
100.0,130.0,0.0,NaN,NaN,NaN
110.0,130.0,0.0,NaN,NaN,NaN
120.0,130.0,0.0,NaN,NaN,NaN
130.0,130.0,0.0,NaN,NaN,NaN
140.0,130.0,0.0,NaN,NaN,NaN
150.0,130.0,0.0,NaN,NaN,NaN
160.0,130.0,0.0,NaN,NaN,NaN
170.0,130.0,0.0,NaN,NaN,NaN
180.0,130.0,0.0,NaN,NaN,NaN
190.0,130.0,0.0,NaN,NaN,NaN
200.0,130.0,0.0,NaN,NaN,NaN
-200.0,140.0,0.0,NaN,NaN,NaN
-190.0,140.0,0.0,NaN,NaN,NaN
-180.0,140.0,0.0,NaN,NaN,NaN
-170.0,140.0,0.0,NaN,NaN,NaN
-160.0,140.0,0.0,NaN,NaN,NaN
-150.0,140.0,0.0,NaN,NaN,NaN
-140.0,140.0,0.0,NaN,NaN,NaN
-130.0,140.0,0.0,NaN,NaN,NaN
-120.0,140.0,0.0,NaN,NaN,NaN
-110.0,140.0,0.0,NaN,NaN,NaN
-100.0,140.0,0.0,NaN,NaN,NaN
-90.0,140.0,0.0,NaN,NaN,NaN
-80.0,140.0,0.0,NaN,NaN,NaN
-70.0,140.0,0.0,NaN,NaN,NaN
-60.0,140.0,0.0,NaN,NaN,NaN
-50.0,140.0,0.0,NaN,NaN,NaN
-40.0,140.0,0.0,NaN,NaN,NaN
-30.0,140.0,0.0,NaN,NaN,NaN
-20.0,140.0,0.0,NaN,NaN,NaN
-10.0,140.0,0.0,NaN,NaN,NaN
0.0,140.0,0.0,NaN,NaN,NaN
10.0,140.0,0.0,NaN,NaN,NaN
20.0,140.0,8.710160163245006e-10,-9730.691503108294,-9738.8480039437,8.156512769084392
30.0,140.0,0.0,NaN,NaN,NaN
40.0,140.0,0.0,NaN,NaN,NaN
50.0,140.0,0.0,NaN,NaN,NaN
60.0,140.0,0.0,NaN,NaN,NaN
70.0,140.0,0.0,NaN,NaN,NaN
80.0,140.0,0.0,NaN,NaN,NaN
90.0,140.0,0.0,NaN,NaN,NaN
100.0,140.0,0.0,NaN,NaN,NaN
110.0,140.0,0.0,NaN,NaN,NaN
120.0,140.0,0.0,NaN,NaN,NaN
130.0,140.0,0.0,NaN,NaN,NaN
140.0,140.0,0.0,NaN,NaN,NaN
150.0,140.0,0.0,NaN,NaN,NaN
160.0,140.0,0.0,NaN,NaN,NaN
170.0,140.0,0.0,NaN,NaN,NaN
180.0,140.0,0.0,NaN,NaN,NaN
190.0,140.0,0.0,NaN,NaN,NaN
200.0,140.0,0.0,NaN,NaN,NaN
-200.0,150.0,0.0,NaN,NaN,NaN
-190.0,150.0,0.0,NaN,NaN,NaN
-180.0,150.0,0.0,NaN,NaN,NaN
-170.0,150.0,0.0,NaN,NaN,NaN
-160.0,150.0,0.0,NaN,NaN,NaN
-150.0,150.0,0.0,NaN,NaN,NaN
-140.0,150.0,0.0,NaN,NaN,NaN
-130.0,150.0,0.0,NaN,NaN,NaN
-120.0,150.0,0.0,NaN,NaN,NaN
-110.0,150.0,0.0,NaN,NaN,NaN
-100.0,150.0,0.0,NaN,NaN,NaN
-90.0,150.0,0.0,NaN,NaN,NaN
-80.0,150.0,0.0,NaN,NaN,NaN
-70.0,150.0,0.0,NaN,NaN,NaN
-60.0,150.0,0.0,NaN,NaN,NaN
-50.0,150.0,0.0,NaN,NaN,NaN
-40.0,150.0,0.0,NaN,NaN,NaN
-30.0,150.0,0.0,NaN,NaN,NaN
-20.0,150.0,0.0,NaN,NaN,NaN
-10.0,150.0,0.0,NaN,NaN,NaN
0.0,150.0,0.0,NaN,NaN,NaN
10.0,150.0,4.361463227547816e-16,-9455.118091877992,-9505.513475663603,50.395389027149776
20.0,150.0,0.0,NaN,NaN,NaN
30.0,150.0,0.0,NaN,NaN,NaN
40.0,150.0,0.0,NaN,NaN,NaN
50.0,150.0,0.0,NaN,NaN,NaN
60.0,150.0,0.0,NaN,NaN,NaN
70.0,150.0,0.0,NaN,NaN,NaN
80.0,150.0,0.0,NaN,NaN,NaN
90.0,150.0,0.0,NaN,NaN,NaN
100.0,150.0,0.0,NaN,NaN,NaN
110.0,150.0,0.0,NaN,NaN,NaN
120.0,150.0,0.0,NaN,NaN,NaN
130.0,150.0,0.0,NaN,NaN,NaN
140.0,150.0,0.0,NaN,NaN,NaN
150.0,150.0,0.0,NaN,NaN,NaN
160.0,150.0,0.0,NaN,NaN,NaN
170.0,150.0,0.0,NaN,NaN,NaN
180.0,150.0,0.0,NaN,NaN,NaN
190.0,150.0,0.0,NaN,NaN,NaN
200.0,150.0,0.0,NaN,NaN,NaN
-200.0,160.0,0.0,NaN,NaN,NaN
-190.0,160.0,0.0,NaN,NaN,NaN
-180.0,160.0,0.0,NaN,NaN,NaN
-170.0,160.0,0.0,NaN,NaN,NaN
-160.0,160.0,0.0,NaN,NaN,NaN
-150.0,160.0,0.0,NaN,NaN,NaN
-140.0,160.0,0.0,NaN,NaN,NaN
-130.0,160.0,0.0,NaN,NaN,NaN
-120.0,160.0,0.0,NaN,NaN,NaN
-110.0,160.0,0.0,NaN,NaN,NaN
-100.0,160.0,0.0,NaN,NaN,NaN
-90.0,160.0,0.0,NaN,NaN,NaN
-80.0,160.0,0.0,NaN,NaN,NaN
-70.0,160.0,0.0,NaN,NaN,NaN
-60.0,160.0,0.0,NaN,NaN,NaN
-50.0,160.0,0.0,NaN,NaN,NaN
-40.0,160.0,0.0,NaN,NaN,NaN
-30.0,160.0,0.0,NaN,NaN,NaN
-20.0,160.0,0.0,NaN,NaN,NaN
-10.0,160.0,4.11152725225974e-201,-10133.367590172793,-10023.874826839628,-109.49271648133436
0.0,160.0,0.0,NaN,NaN,NaN
10.0,160.0,0.0,NaN,NaN,NaN
20.0,160.0,0.0,NaN,NaN,NaN
30.0,160.0,0.0,NaN,NaN,NaN
40.0,160.0,0.0,NaN,NaN,NaN
50.0,160.0,0.0,NaN,NaN,NaN
60.0,160.0,0.0,NaN,NaN,NaN
70.0,160.0,0.0,NaN,NaN,NaN
80.0,160.0,0.0,NaN,NaN,NaN
90.0,160.0,0.0,NaN,NaN,NaN
100.0,160.0,0.0,NaN,NaN,NaN
110.0,160.0,0.0,NaN,NaN,NaN
120.0,160.0,0.0,NaN,NaN,NaN
130.0,160.0,0.0,NaN,NaN,NaN
140.0,160.0,0.0,NaN,NaN,NaN
150.0,160.0,0.0,NaN,NaN,NaN
160.0,160.0,0.0,NaN,NaN,NaN
170.0,160.0,0.0,NaN,NaN,NaN
180.0,160.0,0.0,NaN,NaN,NaN
190.0,160.0,0.0,NaN,NaN,NaN
200.0,160.0,0.0,NaN,NaN,NaN
-200.0,170.0,0.0,NaN,NaN,NaN
-190.0,170.0,0.0,NaN,NaN,NaN
-180.0,170.0,0.0,NaN,NaN,NaN
-170.0,170.0,0.0,NaN,NaN,NaN
-160.0,170.0,0.0,NaN,NaN,NaN
-150.0,170.0,0.0,NaN,NaN,NaN
-140.0,170.0,0.0,NaN,NaN,NaN
-130.0,170.0,0.0,NaN,NaN,NaN
-120.0,170.0,0.0,NaN,NaN,NaN
-110.0,170.0,0.0,NaN,NaN,NaN
-100.0,170.0,0.0,NaN,NaN,NaN
-90.0,170.0,0.0,NaN,NaN,NaN
-80.0,170.0,0.0,NaN,NaN,NaN
-70.0,170.0,8.872821492158281e-29,5267.494597939488,4352.477128299262,915.0174618717626
-60.0,170.0,1.0327894762857627e-50,-7495.632862252693,-8231.033660979348,735.400781305574
-50.0,170.0,2.915503491528321e-62,4944.299901799736,4517.1697813191495,427.1301350318256
-40.0,170.0,8.652720585878725e-46,4874.485932272984,4572.720132832526,301.76580824201386
-30.0,170.0,2.0298833788348423e-41,-5982.710929769539,-6024.55609875188,41.84519616673583
-20.0,170.0,0.0,NaN,NaN,NaN
-10.0,170.0,0.0,NaN,NaN,NaN
0.0,170.0,0.0,NaN,NaN,NaN
10.0,170.0,0.0,NaN,NaN,NaN
20.0,170.0,0.0,NaN,NaN,NaN
30.0,170.0,0.0,NaN,NaN,NaN
40.0,170.0,0.0,NaN,NaN,NaN
50.0,170.0,0.0,NaN,NaN,NaN
60.0,170.0,0.0,NaN,NaN,NaN
70.0,170.0,0.0,NaN,NaN,NaN
80.0,170.0,0.0,NaN,NaN,NaN
90.0,170.0,0.0,NaN,NaN,NaN
100.0,170.0,0.0,NaN,NaN,NaN
110.0,170.0,0.0,NaN,NaN,NaN
120.0,170.0,0.0,NaN,NaN,NaN
130.0,170.0,0.0,NaN,NaN,NaN
140.0,170.0,0.0,NaN,NaN,NaN
150.0,170.0,0.0,NaN,NaN,NaN
160.0,170.0,0.0,NaN,NaN,NaN
170.0,170.0,0.0,NaN,NaN,NaN
180.0,170.0,0.0,NaN,NaN,NaN
190.0,170.0,0.0,NaN,NaN,NaN
200.0,170.0,0.0,NaN,NaN,NaN
-200.0,180.0,0.0,NaN,NaN,NaN
-190.0,180.0,0.0,NaN,NaN,NaN
-180.0,180.0,0.0,NaN,NaN,NaN
-170.0,180.0,0.0,NaN,NaN,NaN
-160.0,180.0,0.0,NaN,NaN,NaN
-150.0,180.0,0.0,NaN,NaN,NaN
-140.0,180.0,0.0,NaN,NaN,NaN
-130.0,180.0,0.0,NaN,NaN,NaN
-120.0,180.0,0.0,NaN,NaN,NaN
-110.0,180.0,5.5814940887156855e-31,4875.182177807714,4494.7484033874525,380.43381390241257
-100.0,180.0,7.127751407817544e-80,5064.702447376301,4427.669252257488,637.0332125581822
-90.0,180.0,2.0733304277111126e-85,5494.566872694762,4374.415125939613,1120.1517742092103
-80.0,180.0,1.1295382030281345e-83,5441.147995510765,4393.996226803064,1047.1517726019772
-70.0,180.0,5.815808426873689e-77,5354.682114340631,4412.596162440003,942.085963346943
-60.0,180.0,2.485657723817222e-71,5241.312849988021,4437.9231199656015,803.3897647640013
-50.0,180.0,9.15028399922525e-82,5089.296646297177,4478.3745083526255,610.9221744614143
-40.0,180.0,4.866444340347945e-90,4876.067855602505,4611.789310435251,264.27854593680746
-30.0,180.0,2.831613699184436e-90,4784.586364961145,4645.9628695132415,138.62352119113422
-20.0,180.0,2.3901295612204656e-147,4895.71931807449,4721.3399834755555,174.37933488146865
-10.0,180.0,6.116338448566932e-119,4886.488931656865,4723.979105627182,162.50982761683116
0.0,180.0,2.9905140787709553e-32,3956.260734031467,4520.909690989683,-564.6489654943136
10.0,180.0,0.0,NaN,NaN,NaN
20.0,180.0,0.0,NaN,NaN,NaN
30.0,180.0,0.0,NaN,NaN,NaN
40.0,180.0,0.0,NaN,NaN,NaN
50.0,180.0,0.0,NaN,NaN,NaN
60.0,180.0,0.0,NaN,NaN,NaN
70.0,180.0,0.0,NaN,NaN,NaN
80.0,180.0,0.0,NaN,NaN,NaN
90.0,180.0,0.0,NaN,NaN,NaN
100.0,180.0,0.0,NaN,NaN,NaN
110.0,180.0,0.0,NaN,NaN,NaN
120.0,180.0,0.0,NaN,NaN,NaN
130.0,180.0,0.0,NaN,NaN,NaN
140.0,180.0,0.0,NaN,NaN,NaN
150.0,180.0,0.0,NaN,NaN,NaN
160.0,180.0,0.0,NaN,NaN,NaN
170.0,180.0,0.0,NaN,NaN,NaN
180.0,180.0,0.0,NaN,NaN,NaN
190.0,180.0,0.0,NaN,NaN,NaN
200.0,180.0,0.0,NaN,NaN,NaN
-200.0,190.0,0.0,NaN,NaN,NaN
-190.0,190.0,0.0,NaN,NaN,NaN
-180.0,190.0,0.0,NaN,NaN,NaN
-170.0,190.0,0.0,NaN,NaN,NaN
-160.0,190.0,0.0,NaN,NaN,NaN
-150.0,190.0,0.0,NaN,NaN,NaN
-140.0,190.0,1.0248086630268699e-48,4926.620902775419,4448.415790099543,478.20509744841513
-130.0,190.0,7.42428624624501e-136,5141.935753327913,4488.742779796278,653.1929221337289
-120.0,190.0,2.1049006068309018e-123,5041.270096844767,4506.823701612666,534.446367308163
-110.0,190.0,5.2710077365862576e-163,5472.0254506519805,4422.493325104453,1049.5321669409698
-100.0,190.0,1.1692125150787606e-161,5449.438065951555,4427.101833655359,1022.3362461311735
-90.0,190.0,7.228324305961126e-160,5411.113861008145,4431.842966599515,979.2708990043656
-80.0,190.0,5.282718017029437e-150,5345.872982241962,4437.9349446596625,907.9380480382229
-70.0,190.0,8.15454706315213e-140,5265.490018698488,4450.546649676356,814.9433994193757
-60.0,190.0,2.9134403982830206e-133,5186.878354345788,4472.53655651636,714.3418315739352
-50.0,190.0,8.364740709418544e-145,5100.578328568829,4513.203489171046,587.374880895003
-40.0,190.0,1.9149022069933497e-123,4886.544350613632,4558.457149460373,328.0872429449699
-30.0,190.0,8.298797933286964e-154,4783.073396393189,4636.601561915709,146.47185137822083
-20.0,190.0,2.2719215779004797e-140,4762.222097108626,4629.858051918266,132.36406258717994
-10.0,190.0,1.2543751006689883e-180,4857.935865040002,4722.424377212809,135.51149775863834
0.0,190.0,2.294678351129207e-174,4807.84383943535,4737.261911201631,70.58192453382364
10.0,190.0,2.0980079720795717e-25,4787.087482950393,4973.275142118863,-186.18765820185084
20.0,190.0,9.723383773183757e-53,5128.623938487599,4897.105965563226,231.51798910860487
30.0,190.0,0.0,NaN,NaN,NaN
40.0,190.0,0.0,NaN,NaN,NaN
50.0,190.0,0.0,NaN,NaN,NaN
60.0,190.0,0.0,NaN,NaN,NaN
70.0,190.0,0.0,NaN,NaN,NaN
80.0,190.0,0.0,NaN,NaN,NaN
90.0,190.0,0.0,NaN,NaN,NaN
100.0,190.0,0.0,NaN,NaN,NaN
110.0,190.0,0.0,NaN,NaN,NaN
120.0,190.0,0.0,NaN,NaN,NaN
130.0,190.0,0.0,NaN,NaN,NaN
140.0,190.0,0.0,NaN,NaN,NaN
150.0,190.0,0.0,NaN,NaN,NaN
160.0,190.0,0.0,NaN,NaN,NaN
170.0,190.0,0.0,NaN,NaN,NaN
180.0,190.0,0.0,NaN,NaN,NaN
190.0,190.0,0.0,NaN,NaN,NaN
200.0,190.0,0.0,NaN,NaN,NaN
-200.0,200.0,2.2745447518320735e-68,-3763.44683365906,-3785.5499739020024,22.10316071455046
-190.0,200.0,9.045081796534257e-146,-6200.994203762341,-6238.405581225935,37.411496593483264
-180.0,200.0,3.0007341794944012e-58,-88.9818831829547,-135.01305167502204,46.031194102689795
-170.0,200.0,8.358564774873382e-75,4944.398793156977,4806.067202588737,138.33167570925625
-160.0,200.0,1.2714067623017692e-78,4969.663704289807,4552.156686765138,417.507016870101
-150.0,200.0,2.5243838271342845e-101,4979.568903823647,4577.594174471248,401.97477695512237
-140.0,200.0,2.1661075423708415e-244,5469.020193304067,4451.025280874097,1017.9949390598256
-130.0,200.0,4.012631461150208e-241,5469.352336643134,4454.385809948292,1014.9665616481668
-120.0,200.0,4.2161969396994856e-238,5458.241765163707,4453.220214225992,1005.0215818020447
-110.0,200.0,1.063357874114544e-238,5438.3714226105285,4451.67901153507,986.6924271635687
-100.0,200.0,2.3166642807222633e-237,5406.49691699244,4451.761120042382,954.7358034055931
-90.0,200.0,5.286441449578455e-226,5353.976460791919,4452.798627959727,901.177840858646
-80.0,200.0,2.214788206091048e-213,5287.526383068941,4457.712455196566,829.8139527312511
-70.0,200.0,2.444120337348017e-202,5222.1905101342445,4471.155760970169,751.0347817490153
-60.0,200.0,8.416585010382357e-198,5158.399673520458,4495.684036934989,662.7156766501364
-50.0,200.0,3.3747141683403786e-218,5079.328724755532,4537.127796948311,542.2009710712712
-40.0,200.0,1.5659097544211073e-187,4875.055030975499,4566.634414533683,308.4206591931677
-30.0,200.0,9.076762322299232e-170,4692.486430171268,4626.506482737945,65.97998794888993
-20.0,200.0,8.022683193211797e-155,4497.512858884477,4688.394038889301,-190.8811511705185
-10.0,200.0,8.474137160860684e-237,4846.80936614583,4717.412094908587,129.39728516614886
0.0,200.0,1.0272831412211097e-223,4774.692699786781,4737.9063636163555,36.7863400322365
10.0,200.0,2.339944636461895e-249,4653.30785867691,4767.737830381104,-114.42996956712294
20.0,200.0,0.0,NaN,NaN,NaN
30.0,200.0,2.336972146207349e-74,5625.823630215374,5556.8737950575405,68.94985113332991
40.0,200.0,0.0,NaN,NaN,NaN
50.0,200.0,0.0,NaN,NaN,NaN
60.0,200.0,0.0,NaN,NaN,NaN
70.0,200.0,0.0,NaN,NaN,NaN
80.0,200.0,0.0,NaN,NaN,NaN
90.0,200.0,0.0,NaN,NaN,NaN
100.0,200.0,0.0,NaN,NaN,NaN
110.0,200.0,0.0,NaN,NaN,NaN
120.0,200.0,0.0,NaN,NaN,NaN
130.0,200.0,0.0,NaN,NaN,NaN
140.0,200.0,0.0,NaN,NaN,NaN
150.0,200.0,0.0,NaN,NaN,NaN
160.0,200.0,0.0,NaN,NaN,NaN
170.0,200.0,0.0,NaN,NaN,NaN
180.0,200.0,0.0,NaN,NaN,NaN
190.0,200.0,0.0,NaN,NaN,NaN
200.0,200.0,0.0,NaN,NaN,NaN
